Video Id,Video Title
MBtWxCM7NYg,Is this Asia's BIGGEST mall in Manila THE PHILIPPINES! (didnâ€™t go to plan) ðŸ‡µðŸ‡­
O0cIJww,amw_TOP 6 METHODS I USED TO ACQUIRE TAGALOGFILIPINO -  (Tagalog with English Subtitles)
R8-LyHgcl5I,Boracay is PARADISE in The Philippines! (canâ€™t believe I did this..)ðŸ‡µðŸ‡­
Gl2RpA1xS6M,"First Time in Manila, Philippines! Eating Jollibee, taking the metro, and visiting tourist places"
4OiOwDh5lKE,Chef Kuya Joey Is Flying To The Philippines!  ðŸ‡µðŸ‡­
bKCr62Dk7Us,Is This The BEST Filipino Restaurant in Malaysia! ðŸ‡µðŸ‡­ (Kuala Lumpur Mukbang ðŸ‡²ðŸ‡¾)
j7u0a,WH7hQ_Foreigners biggest SURPRISE in the Philippines (random Street interviews)
--8n6A8Q6M0,$200 Luxury Beach Hotel in The Philippines ðŸ‡µðŸ‡­
e2W9UaVhsX0,HOW THE PHILIPPINES CHANGED OUR LIVES FOREVER ðŸ‡µðŸ‡­ AMERICANS REACT
y9iCFcSaD58,PHILIPPINES STREET FOOD Tour - INSANELY DELICIOUS  FIRST TIME Trying JOLLIBEE!
ARMdb7fgfQU,"FOOD TOUR in Binondo, Manila The Philippines! (Worlds Oldest Chinatown) ðŸ‡µðŸ‡­"
MKBogPOM3Ao,Foreigners Try Filipino Food!ðŸ‡µðŸ‡­ BEST PINOY Style FRIED CHICKEN Street Food in Manila Philippin
iM43LN5gdgs,Trying The MUST Eat Filipino Lechon (IS IT GOOD)
k5iXUMHPXb8,SERBIAN tries LUMPIANG SHANGHAI (FILIPINO FOOD)
CBmNk9pSsy4,How Long Does It Take To Be A Doctor In The Philippines  DoktAURA
CUlbqob5Njg,I Tried Filipino Foodâ€¦
mcWEmkXF4ik,"$0.25 Burger in Baguio, Philippines ðŸ‡µðŸ‡­"
F9z7b9ei2Lg,First Time Eating $5 Pizza at GREENWICH in the Philippines ðŸ‡µðŸ‡­ The Best Fast Food Chain
Vx0TqLbcVpc,I'm FINALLY in the Philippines - Manila 1st Impressions ðŸ‡µðŸ‡­
jI23S-mYYeg,3 Best Las Vegas Filipino Restaurants! DELISH Filipino Food!
2ftG8JuMzz4,Top 5 Exotic Foods in the Philippines The BRAVE MUST TRY!
p1LaUfLyYpQ,BEST DIVING IN THE PHILIPPINES (INTERVIEW)  11-10-2017
F5yCChwGHzM,Wonderful Day in the Philippines ðŸ‡µðŸ‡­ First Time in Bohol
HkRKi7,Iywc_You Know You're Dating a FILIPINA When...
9Qlof7jPQpg,Top 5 Waterfalls You Cannot Miss In The Philippines ðŸ˜ Philippines Travel Vlog ðŸ‡µðŸ‡­
oul9IITqAoA,Zombies in Asia - Episodes 5  Philippines ( Countryballs )
A,HLtsg4TVA_FOREIGNER COOKS Max Style Fried Chicken Recipe FILIPINO FOOD
R9ya0jtNpGs,Foreigners not allowed in this market in Manila ðŸ‡µðŸ‡­
CI8PSPP9vlE,[ALL ABOUT PINAY #1] WHY KOREAN WANTS TO DATE AND MARRY FILIPINAS ðŸ‡µðŸ‡­ðŸ‡°ðŸ‡·
nOsxxtVS7fE,Dutch Parents Try Delicious FILIPINO Breakfast!! vlog 4
vk7,uI-V_9I_Never Cause A Filipino To lose Face
dGM9kDXdWcQ,HOW TO AVOID BEING SCAMMED AND BROKEN IN THE PHILIPPINES 2018
401ZvQ11euA,Did China Buy the Philippines With False Investment Promises
iHyEzFFHD1g,Maroon bang Korean Jjajangmyeon sa Pilipinas o wala   Anyway here's why you should try.
bAn0qP3BHcI,Cebu City -  Fort San Pedro made from corals - Philippines
PAyjxF2ZXaY,Filipino Husband Sings To His Wife AT HER FUNERAL! Emotional Reaction
7zaMbzqj8AI,Renting in ðŸ‡µðŸ‡­ Manila BGC â€” What $2600mo gets us!
InP5,"mgUUfE_Honest first experience with ðŸ‡µðŸ‡­ whale shark swimming in Donsol, Philippines"
zTcCSyucYqI,"WILD WINGS DAVAO - BEST CHICKEN WINGS, BILAO FILIPINO FOOD FEAST - DAVAO FOOD - ANUJ GABA"
WpTu2EmNRJI,My Korean-Mother in-law tried Filipino Snacks[ TOO HONEST REVIEW]
,oqTNpCNkWs_The Legend of The Chocolate Hills  Travel in The Philippines
8kcD3vk12AY,Americans React to Philippines 101 Filipino Drinking Etiquette - Culture & Laughs! @PAPERBUGTV
C,CGOd61JFM_THINGS TO DO IN DAVAO CITY PHILIPPINES
aYxT9tCrADc,"17 MUST DO THINGS in SIARGAO, PHILIPPINES"
NpVco5TTFKE,Iranian with Israelis Canyoneering in Kawasan Falls - Philippines Vlog (Episode 5)
7jDrzdX2Ucc,Approve ba ako sa anak at mama ni misterðŸ¤”Mia Sandoval
LFkSktRSJpM,First Impression of Cebu. Our First Grocery Shopping in the Philippines! Philippine Vlog 2022
X6qNGn3QxTU,BEST OF BOHOL PHILIPPINES  Travel Vlog 2020
y9xOKcZD0xE,We arrived in Philippines. Manila. Towards The Sun by Hitchhiking 68 (ENG SUBS)
VoUdWRHkDwA,ðŸ‡µðŸ‡­ WE were REALLY SURPRISED. [CHOCOLATE HILLS] Cruise from CEBU Around BOHOL.
MGSnNfM2Suw,Best Filipino Pancit Noodles (According To My Dad)
YLPogsvk7ew,Meet Kuya Geo A Filipino-American Twist on Seattle Culture  Kuya Geo
SaiDP96j2P8,FOREIGNER try FILIPINO ðŸ‡µðŸ‡­ COCONUT BUKO ðŸ¥¥ Foreigner living like a Filipino VLOG. Ep. 9
lLQcFpgbMOk,Japanese Mom Tries to Cook Filipino Food ft. @worldofxtra and Steven  worldofmama
fA0m-LaA,7c_Taste Testing Christmas Dinners from around the World  Sorted Food
tjDZ9-6PxiQ,"Foreigner wanders outside of BGC, Manila, Philippines! Walk & Talk"
mBqdFmLnKCE,Try Mang Inasal - Grilled Chicken in Philippines WITH CC  Meows Stories
LU3dP,"VdymQ_ðŸ‡µðŸ‡­  TOUR C,  Island hopping Palawan, El Nido Is NOT RISK FREE in The Philippines"
BXSZVp68G,M_Foreigner tries Filipino food for first time at Little Manila in Seoul!
Z9Uz-NUaCG8,"Vi & I Visit the Roxas Night Market, Davao"
VMCjnPNXoM8,KRISTOFF TRIES  4 year old Kid FIRST TIME eating TAIWANESE Snacks Cutest Food Review
yR6a9-ufsZc,"ChowKing for the first time - FilipinoChinese food CEBU, PHILIPPINES"
KSrS,KmFcmM_We Try Each Other's Jollibee Orders
roCaFODDTbM,FILIPINO Family Trying Dutch Food In The Philippines!
iWMyjfgyCYU,I am slowly becoming Filipino.
BD2RRl7wPMw,Filipino Artists You Should Listen To Right Now
0IMWasj76yU,Philippines Army vs Thailand Army
3n1nspLgfd4,"Balut!!!!! - Manila, Philippines - Now United"
zwOJjQuL4i4,(ENG) SB19 Dance Cover BTS Boy With Luv & Idol - Indonesian Reaction
l9hIJpOP5Fo,Red Bull Cliff Diving Championships Philippines (2019)
qMwRJXEZJ6k,Travel requirements for Filipino children
BjaKfnWjX9Y,PINOY HENYO  THE SKWAD
U8XwxNBrsCA,This Mexican and Filipino Extravagant Wedding Combined Two Cultures  World Wide Wed  Refinery29
FkBRtBZhNyc,My Hong Kong Family Visits the Philippines ðŸ‡µðŸ‡­
LtXiRN0P2VY,"First Time in Makati, Exploring Greenbelt Mall - Philippines Vlog (Episode 11)"
u6uj4yjTn-k,[ê¹€í•«ë°”] React to SB19 - GO UP MV ë¦¬ì•¡ì…˜ë¹„ë””ì˜¤
HcRh8IrwbCA,This Other One Is Probably My Favorite Filipino Food!!!
c0,yjwProzU_2# What happens when Korean boys see the Ocean of Cebu (ENG SUB)
Foa5W5bVUEQ,FOREIGNER'S Amazed at First RAMADAN BAZAAR EXPERIENCE - SANGAT SEDAP!!ðŸ‡²ðŸ‡¾
q5Y4j8oBtRY,First Time Hearing Morissette Amon Reaction You Are The Reason with Daryl Ong Reaction
f706f6KNCEM,FILIPINO CHEESE BREAD (85 DEGREES BAKERY)  Travel Snacks #SHORTS
puxKH-,9xGM_Americans Try Filipino Street Food (BALUT & More!)
sXsHYugynnI,Top 12 Most Followed Filipino Celebrities on Social Media 2023
1kErCqgIVMk,Tour of The House We Built in The Philippines
6ftiWoCJ4dM,Filipino Food In The Netherlands  Cafe Nordrick!!
FXnVfuiMQjg,KUPIÅEM Å»ONÄ˜ NA SLAMSACH - moje szalone WESELE w wiosce PLEMIENIA BADJAO!!
U5EeBtECq2Q,Reacting to the NEWLY OPENED Tiger Sugar milk tea in BGC!
GH4gd0X9K,E_CEBU to MOALBOAL  SURVIVED A TYPHOON (PHILIPPINES TRAVEL VLOG)
mOxxtznRdeg,Pandesal dough + when could we visit The Philippines vlog 3
wpnWOgl3MVc,Must Watch! Embarrassing Filipino Food [Tips from an Unapologetic Filipina Chef] ðŸ‘©ðŸ»â€ðŸ³ðŸ‡µ
ZFpnR0xpdRI,Filipina British Life in UK May pa request si mister!ðŸ¤ 
2TmagN6RhkI,VOCAL COACH REACTS - REGINE VELASQUEZ - Araw-Gabi
y9ApSkrvLKg,We are in Manila - What is the Philippines REALLY like now ðŸ‡µðŸ‡­
86gs985X5tU,Eating Filipino Kamayan Dinner First Time REACTION (Filipino Food) Traveling with Kids
nCbla8yws6k,"Student Exchange in Manila, The Philippines  KBRI Manila & De La Salle University (INDONESIAN)"
vwIIeiOhTJ0,STRANGEST Things Found In The Philippines!
8DYPxsr7kDI,Filipinas  Do Not Show Up LATE - Dating A Foreigner
S4bNEgM483k,Vocal Coach REACTS to TNT Boys BANG BANG + 5 songs #Yourfacesoundsfamiliar  Lucia Sinatra
NdLjKxqzDbA,After Spending Years With Filipino's My English Sounds...
REvaHqT3uro,WILD First Impressions of El Nido Philippines ðŸ‡µðŸ‡­
