Topic ID,Level,Topics,Video Titles,Video Count
Z170,3,pineapple orange apple cut,"Filipinska tradicija doÄeka Nove godine | Filipino New Year's eve tradition
Foreigners Try Filipino Snacks For The First Time!ğŸ‡µğŸ‡­ Camping In The Philippines
The side of Boracay they don't show you ğŸ‡µğŸ‡­
The BEST $220 Boat Tour in El Nido, Philippines (with my dad!) ğŸ‡µğŸ‡­
FILIPINO GIRLS LOVE FOREIGNERS | TRIP TO THE MARKET |  Living in the Philippines
TRYING POPULAR FILIPINO SNACKS |ë¨¹ë°©| åƒæ’­ | Which Ones Are Our Favourites? | LaterTofuEats
OUR FIRST TIME eating JOLLIBEE we try EVERYTHING on the MENU! ğŸ˜± IN MANILA, PHILIPPINES!
Trying Filipino Street Food In The Philippines For The First Time!ğŸ‡µğŸ‡­ (TOTOBITS)
TRYING JOLLIBEE  FOR THE FIRST TIME ğŸ‡µğŸ‡­ JOLLIBEE MUKBANG ğŸ˜³
We will NEVER forget THIS ISLAND ğŸ‡µğŸ‡­ in the PHILIPPINES - SIQUIJOR
Americans Try Jollibee in the Philippines for the FIRST TIME! ğŸ‡µğŸ‡­
How the World Eats Mango | Philippines, India, Mexico, El Salvador, Trinidad & Tobago
Trying Jollibee for the First Time | Most Popular Food Chain in the Philippines
Trying FILIPINO FOOD for the FIRST TIME!
HOW MUCH IS LIVING  FOOD EXPENSES IN THE PHILIPPINES / FOREIGNER FILIPINA RELATIONSHIP
SURPRISING PHILIPPINES LOCAL MARKET SHOPPING as a FOREIGNER  | TRUE Price of FOOD - Cost of Living
Trying Filipino Food!
Foreigners' First Impression of Tagaytay City Philippines ğŸ‡µğŸ‡­ Trying Local Delicacies
EJ Power vs Cali Smoov | Philippines vs USA | Rap Battle [Reaction]
Grocery Prices In The Philippines, Foreigners React At Grocery Haul
$200 Luxury Beach Hotel in The Philippines ğŸ‡µğŸ‡­
$30 FILIPINO STREET FOOD TOUR in BINONDO (Chinatown) MANILA, Philippines ğŸ‡µğŸ‡­ | | MUKBANG Philippines
MY FIRST TIME in Manila Philippines ğŸ‡µğŸ‡­
AMAZING First Impressions of Manila Philippines ğŸ‡µğŸ‡­
15 popular filipino snacks, Americans trying Filipino food
BRITISH KID Trying FILIPINO Snacks For The First Time ğŸ‡µğŸ‡­ WAS THIS A BAD IDEA?
FOREIGNER reacts to FRENCH Try FILIPINO TURON for the First Time
SURPRISED By My FIRST TIME in Cebu City | Philippines ğŸ‡µğŸ‡­
How to Travel Philippines (Full Documentary) ğŸ‡µğŸ‡­
Foreigners Try Filipino Food in Dubai (Filipino Food Reaction)  - Mukbang!!
Worlds FRIENDLIEST People!? Divisoria Market, Manila, The Philippines ğŸ‡µğŸ‡­
TOURISTS VISIT OSLOB FOR THE FIRST TIME | Philippines 2022
$10 FILIPINO STREET FOOD TOUR at UGBO in TONDO Manila, Philippines ğŸ‡µğŸ‡­ | MUKBANG Philippines
American Guys React to Wake Up in the Philippines: Philippines Tourism Ads 2020
best & biggest ALL YOU CAN EAT BUFFET in the world
My Hong Kong Family Visits the Philippines ğŸ‡µğŸ‡­
Foreigner Tries Authentic Filipino Foods for the FIRST TIME!
First Time Seeing the Blue Water of the Philippines ğŸ‡µğŸ‡­
Trying FILIPINO ALCOHOL For the First Time! (this is INSANE)
HOW we are ADAPTING to our NEW LIVES in the PHILIPPINES | FOREIGNER and FILIPINA | British-Filipino
FOREIGNER WEEKLY BUDGET IN THE PHILIPPINES ? COST OF LIVING IN THE PHILIPPINES
Classic Filipino Date Course Experience! ğŸ’“ | Jowa Challenge ft. Benedict Cua
Korean Kids Try Filipino Birthday Party Food for the First Time ğŸ‡µğŸ‡­ğŸ‡°ğŸ‡· | Korean Ate
Our FIRST TIME in BGC | Is This Even the Philippines?! ğŸ‡µğŸ‡­
Introducing FILIPINO Food to my Korean Friends!
The Most Expensive Pineapple in The Philippines ğŸ‡µğŸ‡­
Philippines Province Foreigner FIRST TIME Cooking in Dirty Kitchen! |  Kananga Leyte Market Shopping
PINOY TOP 9 - Must Try in PHILIPPINES ğŸ‡µğŸ‡­
MISTER SHIN'S OFFICETEL TOUR | A KOREAN WITH A FILIPINO HEART | EP. 3
Eating at Jollibee for First Time REACTION (Filipino Fast Food in Cerritos) : Kid Foodie Reviews
Korean REACT to Filipino Foods in Blindfolded (ENG SUB) Mukbang
Strangers Try Jollibee Chicken (FIRST TIME REACTIONS & Mukbang!!)
Foreigners Try Authentic Filipino Food In The Philippines!ğŸ‡µğŸ‡­ (Unlimited Filipino Buffet)
I got SICK in the PHILIPPINES | Foreigner and Filipina living in the Province | House Build Update!
Jollibee OMG! Hong Kong Russian Couple Trying Jollibee for the First Time. The Best Fast Food Chain
Finding the BEST restaurants on Siargao Island, Philippines ğŸ‡µğŸ‡­
A Day In The Life Of A Foreigner Living In The Philippines Province!ğŸ‡µğŸ‡­ Camping In The Philippines
Introducing Trendy Filipino Food to KPOP Star Eric Nam! ğŸ‡µğŸ‡­ğŸ˜‹
Letting NYC Strangers Try Filipino Halo-Halo, THIS was their reaction
Warning: American Tries Potent Filipino Alcohol for the First Time!
Americans React to STRANGEST Things Found In The Philippines! Part 2
$5 FILIPINO STREET FOOD TOUR at QUIAPO MARKET in Manila, Philippines ğŸ‡µğŸ‡­ | Mukbang Philippines
Foreigners First Time in Tagaytay ğŸ‡µğŸ‡­ INSANE Volcano View From Our Room
Americans React to The Most Outrageous Food in the Philippines (Crocodile Lechon)
ğŸ‡µğŸ‡­ American Couple Reacts ""$100 Filipino Street Food Challenge in Manila!! Is It Possible?""
Foreigner reacts to KARINDERYA Philippines  ğŸ‡µğŸ‡­ Eating like a FILIPINO LOCAL
âœ¨ğŸ‡µğŸ‡­ TRYING FILIPINO CANDY & SWEETS |  What is the best Filipino Sweet (Choconut!? Stick-Os!?)âœ¨ğŸ‡µğŸ‡­
TEARS AND EXPECTATION FIRST WEEK OF SCHOOL IN THE PHILIPPINES|First time as a foreigner student AMBW
Blindly Trying Filipino Street Food For The First Time! (Balut, Isaw, Kwek Kwek)
5 Reasons Foreigners Fall In Love With The Philippines
CANADIAN discovers SEPAK TAKRAW for the FIRST TIME! Philippines Vs Malaysia
Korean Silly Guys try to MAKE Filipino CHICHARON (ENG SUB) | Mukbang
Trying Filipino Food In The UK!
WHAT A YUMMY DISH - outdoor cooking show 1 #filipinofood
Life In The Philippines Relationship Tips Filipino Family Member Strategy
Philippines Visa Update All About The Visa Update
SHOCKING FILIPINO BIRTHDAY FOOD | Pinikpikan in Sagada, Philippines
Best Street Food in the Philippines - Manila's Famous Ugbo Street ğŸ‡µğŸ‡­
Foreigners Love Philippines! Does Christmas Better?
We ate EVERY ğŸ‡µğŸ‡­ Filipino street food in Cebu City, Philippines (even balut!)
HONDA BIG BIKES|CEBU CITY|FOREIGNER LIVING IN THE PHILIPPINES
I Was Told To Leave This Slum In Philippines (Tondo) ğŸ‡µğŸ‡­
Foreigner and Filipina House Build Philippines 5Nov22. @LeRocphilippines5539
V366 - Pt 86 FOREIGNER BUILDING A CHEAP HOUSE IN THE PHILIPPINES - Retiring in South East Asia vlog
WE LEFT!.. OUR FIRST TIME TRAVELING THE PHILIPPINES THIS YEAR ğŸ‡µğŸ‡­ Foreigner and Filipina Family VLOG
Americans React to Trying Filipino Street Food For The First Time! (People Vs Food)
OUR NEW FILIPINO FRIENDS really SURPRISED US ğŸ‡µğŸ‡­ Philippines Travel VLOG Foreigner Filipina Family
Foreigner Filipina Building Our Home and Life Philippines Boundary and Venting Septic 24 to 26Jan23
Trying FILIPINO SNACKS for the FIRST TIME | Mukbang
Our First Time PICKING STRAWBERRY in The PHILIPPINES!ğŸ“ğŸ‡µğŸ‡­
I visited the LARGEST MALL in the Philippines ğŸ‡µğŸ‡­
Foreigner Filipina Home Improvement Philippines Come Walk With Me 16Jan23. @LeRocphilippines5539
First Impressions of Tagaytay city Philippines ğŸ‡µğŸ‡­
V545 - FOREIGNER BUILDING A CHEAP HOUSE IN THE PHILIPPINES - BATHROOM FLOOR DIY - THE GARCIA FAMILY
DON'T MISS THIS town in Palawan, The Philippines! ğŸ‡µğŸ‡­
Hope Youâ€™ll Try This Filipino Food Combination!
Dutch Family Tries Pininyahang Manok Filipino Food
She Tries Jollibee :) (SARAP) | Filipino x American Couple ğŸ‡µğŸ‡­ğŸ‡ºğŸ‡¸
Korean Guys REACT to FILIPINO Fruits | Try Durian also??? (ENG SUB) Mukbang
Foreigner wanders outside of BGC, Manila, Philippines! Walk & Talk
Our First Time Trying Filipino Breakfast Foods! ğŸ‡µğŸ‡­
Foreigner is trying Filipino pastry - UBE Pandesal, Buko pie (Filipino bakery)
Goodbye Philippines! Filipina Leaving for USA ğŸ‡ºğŸ‡¸ Permanent Residency
FOR THE FIRST TIME... FOREIGNER HARVESTING OWN GROWN in the PHILIPPINES | Cost of Living
American Eagle vs Philippines Eagle, WHO WOULD WIN?! (Reaction)
MAKING LECHON KAWALI! TRYING DELICIOUS FILIPINO FOOD!
Foreign Reaction to Filipino Turon
The Jungle life in the Philippines!
Foreigner tries homemade DINUGUAN + BAGOONG at the market in Cebu City
Foreigners advice on how not to go HOMELESS in the Philippines
I Tried The Philippines Most POPULAR Snacksâ€¦ and they SHOCKED Me! ğŸ‡µğŸ‡­
Filipina British Life in UK: ANG SAYA! NAKAUSAP KO SI IDOLğŸ˜
FOREIGNER reacts to WHAT Can $1,000 get you in the PHILIPPINES
V258 - Pt 1 - FOREIGNER BUILDING A CHEAP HOUSE IN THE PHILIPPINES - Retiring in South East Asia vlog
First Time Trying Jollibee in the Philippines!ï½œMango Pie..? Gravy SauceğŸ˜²
Foreigner At The Wet Market Philippines
V372 - Pt 91 FOREIGNER BUILDING A CHEAP HOUSE IN THE PHILIPPINES - Retiring in South East Asia vlog
Foreigner Cooking American Meal For Philippine Family - Province Life Lockdown
FOREIGNER LIFE IN MANILA PHILIPPINES | RAW VLOG WALKING AROUND MALATE  GOING TO THE MARKET
V426 - FOREIGNER BUILDING A CHEAP HOUSE IN THE PHILIPPINES - BELLA LOVES COCOMELON - CARPORT UPDATE
WHITE GUY COOKS FILIPINO FOOD | ADOBONG PUSIT SQUID ADOBO | SQUID ADOBO CATCH AND COOK
OUR FIRST FILIPINO FESTIVAL!| Waleska & Efra react to OPM Live | ft KZ, BAMBOO, Darren Espanto
PHILIPPINES PROVINCE LIFE IS SO DIFFERENT FROM LIFE IN THE UK ğŸ‡µğŸ‡­ Foreigner and Filipina VLOG
ğŸ‡µğŸ‡­Trying Filipino Street Food in Bohol , Philippines
Americans React to How The US Stole The Philippines!
Trying FILIPINO SNACKS for the FIRST TIME!
SB19 MAPA FILIPINO High School GRADUATION song // LATINA REACTS
Filipina British Couple: BUHAY LDR+ NAG VLOG SI MISTER |Mia Sandoval
1956 High School Exchange Students in USA Debate on Prejudice! JAPANESE REACTION
Foreigners Found The BEST BEER In The Philippines, Hands Down!
We saw PAW PATROL at Movie Park Germany! | Filipino Dutch family
What can $10 get in Philippines - Tour through Manila (Filipino Food,Haircutâ€¦)
NEW YEAR IN MANILA, PHILIPPINES! (showing Foreigner Jowa Filipino traditions)
Americans React to 7 Wonders of Philippines
Boracay during Holy Week!!! Foreigners first experience in the Philippines!
Foreigner Living in the Philippines | Visiting Our Fellow Foreigner Filipino Couple in Tupi
FIRST DAYS IN MANILA! ğŸ‡µğŸ‡­ Didn't Expect THIS in THE PHILIPPINES!
This is What $50 Gets You in this Philippine Town ğŸ‡µğŸ‡­ (FULL DAY)
Living in Indonesia as a Foreigner // First Impressions, Culture Shocks, Indonesian Food, etc
EXPERIENCING THE PHILIPPINES CHRISTMAS SPIRIT! Filipino Holiday Street Food & Huge Life Update!
I Made Filipino Street Food at Home
Foreigners First Festival In Philippines, Blown Away!
MEXICANS Eating FILIPINO Food â€¢ Sizzling Sisig â€¢ Lechon Kawali â€¢ Chicken Adobo â€¢ UBE CHEESECAKE
The Philippinesâ€™ Most OUTRAGEOUS Drive-Thru ğŸ‡µğŸ‡­
MY FIRST TIME in Boracay PhilippinesğŸ‡µğŸ‡­
FOREIGNER'S Amazed at First RAMADAN BAZAAR EXPERIENCE - SANGAT SEDAP!!ğŸ‡²ğŸ‡¾
FOREIGNERS Travel to CAVITE to Eat in NEW Cafe | Havre de Grace | Philippines - Sol&LunaTV ğŸ‡©ğŸ‡´
Trying FILIPINO SNACKS for the FIRST TIME!
Foreigners Try Filipino Food! SISIG, CRISPY PATA & San Miguel Beer! Philippines Street Food PULUTAN
A foreigner trying Filipino STREET FOOD in the Philippines: Pochero, Pungko-pungko, Tuslob Buwa
Filipino mom at a local dutch grocery | Shopping at LIDL
WHANG OD Tattoo... GONE WILD? ğŸ˜®Kalinga Tattoo Philippines travel vlog 2018
How the US stole the PHILIPPINES | HONEST REACTION
Americans React and Try Philippines National Dish | React to Filipino Street Food Tour in Manila
Americans React to Philippines Peso | Secrets of the Philippine Peso
HARRY GOES TO SALCEDO MARKET | TRYING FILIPINO STREET FOOD
Jollibee Chickenwich Review | Original & Spicy Crispy NEW Jollibee Chicken Sandwich | Filipino Food
THIS Is Why Foreigners LOVE Philippines EMOTIONAL Filipino Birthday Sunrise ğŸ‡µğŸ‡­ (PAPANG'S MAÃ‘ANITA)
Foreigners ONLY EAT JOLLIBEE for 24HOURS in Philippines!!
Cooking Filipino Food For My British Family! (First Time Trying Adobo, Sinigang & Turon)
Americans React to Philippines Craziest Food ! | Crocodile Lechon
COST OF LIVING in the PHILIPPINES after the last 12 months ğŸ‡µğŸ‡­| Foreigner and Filipina 2023 Budget
FOREIGNERS react to Gabbi Garcia's PHILIPPINES HOUSE TOUR
Teasing My Boyfriend With Sexy ""Pajamas"" Prank!
Trying Famous FILIPINO SNACKS for the FIRST TIME!
ğŸ‡µğŸ‡­ Are YOUNG Filipinas attracted to OLD Foreigners? (65+) THE HARSH TRUTH REVEALED
Showing My ARAB Brother MAKATI & BGC!ğŸ‡µğŸ‡­  (Dubai of the Philippines) ğŸ’µ
Foreigner's first time in the Philippines; Manila is crazy! | AirBnB Condo review in BGC
Foreigner is trying filipino food. Filipino breakfast for a first time - FRIED DRIED FISH REACTION!
JAPANESE REACTION - How the US stole the philippines
Crazy Potato Recipes | Philippines, Peru, China, Turkey, Korea
Koreans React to Korean Garbage in the Philippines | EL's Planet
Trying LECHON + SILOG in the Philippines - Cebu Food Tour
Trying FILIPINO SNACKS for the FIRST TIME! ğŸ‡µğŸ‡­
Hazem REACTION to the ""SCHOOL of Our NIECES"" in the PHILIPPINES ğŸ‡µğŸ‡­
My Boobs Got Bigger Prank On My Filipino Boyfriend! [International Couple]
First private tour in El Nido, Palawan: the BEST island in the world!
CANADIAN reacts to 'what do FILIPINOS look like to FOREIGNERS'
Filipino Boy Shows BRILLIANT Insight In 1956 Students Debate!
Foreigner Explores ''FRIENDLY'' Neighbourhood In The Philippines
Americans React to How The US Stole The Philippines
Foreigner EATS Street Food In Cebu, Philippines ( Isaw Isaw, chicken blood/ Liver)
We Camp On Remote Island Of Philippines (Shockingly Amazing Trip)ğŸ‡µğŸ‡­
My first time inside the Philippines MOST ICONIC restaurant ğŸ‡µğŸ‡­
Americans Try Calamansi Juice for the First Time! ğŸ˜(Filipino Lemonade)
Trying Filipino Street Corn at Munoz Market ğŸ‡µğŸ‡­ #shorts
Foreigner and Filipina House Build Philippines Never Enough II 16Sep22. @LeRocphilippines5539
WARNINGS, THOUGHTS, AND GEMS DISCOVERED... ğŸ¤”
I TOOK MY HUNGARIAN FRIENDS TO PHILIPPINES PARADISE! First Time Boodle Fight!
Latinos react to FILIPINO DANCE GROUP UPeepz -2017 HHI Finals for the first time ğŸ¤©
Trying Filipino Food for the First Time! ğŸ‡µğŸ‡­
Foreigners FIRST TIME eating LECHON in The Philippines (CEBU) - Sol&LunaTV ğŸ‡©ğŸ‡´
I Went To Makati's Most Flirtatious Street. It Was Wild! (#21)
FIRST Impressions of BGC Uptown ğŸ‡µğŸ‡­ This is NOT the Philippines I Know
Dutch Trying Different Flavors Of Filipino Ice Cream
Exploring Cebu City - Foreigners travel Philippines
Japanese Try Filipino Beers!
Foreigner Filipina Living Life Philippines Scenic Backroad Drive 21Jan23. @LeRocphilippines5539
Why disable American chose to live in the Philippines? ğŸ‡µğŸ‡­
Trying Filipino Food for The First Time!
This literally SHOOK US living in the PHILIPPINES ğŸ‡µğŸ‡­ | Live experience | Foreigner and Filipina VLOG
FOREIGNER LIVING IN YHE PHILIPPINES  WEEKLY FOOD BUDGET IS IT ENOUGH OR NOT ??
Ultimate Filipino Food Festival In The Netherlands!
What's It Like Living In The Philippines? ğŸ‡µğŸ‡­ | Foreigner's Perspective
WE MOVED TO THE PHILIPPINES! ğŸ‡µğŸ‡­ (this is why)
Foreigner Tries JOLLIBEE For The First Time! ğŸ‡µğŸ‡­ (Manila, Philippines)
Foreigners Try Filipino Food!ğŸ‡µğŸ‡­ Philippines Food Ube Cheese Pandesal | Filipino Breakfast Food Feast
Filipino Food, Jollibees style!
2 YEARS LIVING in the PHILIPPINESâ€¦ do we have REGRETS? ğŸ‡µğŸ‡­ - BRITISH FOREIGNER FILIPINA FAMILY VLOG
European tried Filipino fruit salad (dessert) for the first time.
FOOD TOUR in Binondo, Manila The Philippines! (Worlds Oldest Chinatown) ğŸ‡µğŸ‡­
HOW Powerful Is The PHILIPPINES? Foreigners Reaction
American's FIRST TIME  at City of Dreams! Manila, Philippines
Wendy's in the Philippines ğŸ‡µğŸ‡­// Fried Chicken, Taco Burger, Shrimp, Spaghetti, Lumpia, etc.
Americans React to Philippines Festivals ! | Top 10 Philippines Festivals
The 2 Sides Of Boracay, Philippines ğŸ‡µğŸ‡­ (What They Don't Show You)
New York's BEST Asian Fried Chicken: Filipino, Korean, and Taiwanese!
I Tried Making WOW Streetfood From The Philippines!!
First Time Eating $5 Pizza at GREENWICH in the Philippines ğŸ‡µğŸ‡­ The Best Fast Food Chain
Trying A Jollibee Restaurant In The Philippines!
..a WONDERFUL filipino food restaurant called ''MAYON''!
AUSTRALIANS LOVE PHILIPPINE BEACH HOME - Foreigners Visiting Mindanao (BecomingFilipino)
GERMAN living SIMPLE LIFE in the PHILIPPINES PROVINCE - daily life as a housewife - DAVAO ORIENTAL
Trying Filipino Food For the First Time! | Massive Filipino Buffet w/ Sisig, Lechon & More! ğŸ‡µğŸ‡­ğŸ‡¦ğŸ‡ª
Arrival in Davao, Philippines South ğŸ‡µğŸ‡­
First Impressions of MANILA, Philippines | BLOWN AWAY By This MetropolisğŸ‡µğŸ‡­
EUROPEANS FIRST TIME EAT JOLLIBEE PHILIPPINES ğŸ‡µğŸ‡­
ğŸ‡µğŸ‡­| BEST BEACHES of PALAWAN 2022, Philippines Explore El Nido, Palawan
Boracay is PARADISE in The Philippines! (canâ€™t believe I did this..)ğŸ‡µğŸ‡­
Reuniting with My Childhood Filipino Babysitter ğŸ‡µğŸ‡­
Americans Try Jollibee For The First Time! (Palabok, Aloha Burger, Jolly Spaghetti, Adobo Rice)
The Best Food Street in the Philippines? ğŸ‡µğŸ‡­
WE NEVER EXPECTED to come home to this IN THE PHILIPPINES ğŸ‡µğŸ‡­ | Foreigner and Filipina family VLOG
Foreigners eating REAL Filipino Food! | Food tour of Marikina Manila
10 BEST MOMENTS, Dutch Family Tries Filipino Food!
First impressions of MUNNAR, Kerala ğŸ‡®ğŸ‡³ PARADISE on Earth INDIA
Americans React to TOP 10 International Movies Shot in the Philippines
Foreigner loves the Province in the beautiful Philippines | Simple life ğŸ‡µğŸ‡­
A Foreigner's Life - Simple Living in the Philippines
You're not going to believe the birthday supper at this Filipino restaurant!
Cost Of Living In The Philippines After Ten Months Living Here!
Sugbo Mercado Cebu Cityâœ¨ Must Try Food Market in the Philippines ğŸ‡µğŸ‡­
FOREIGNER IN THE PHILIPPINE JUNGLE | ISLAND LIFE
FOREIGNERS First time in PHILIPPINES - 9 Surprising Moments - REACTION
FOREIGNER reacts to FIRST time eating JOLLIBEE after years in the PHILIPPINES!
JOLLIBEE. My first time Real Experience
V298 - Pt 24 FOREIGNER BUILDING A CHEAP HOUSE IN THE PHILIPPINES - Retiring in South East Asia vlog
Our family in the PHILIPPINES just got BIGGER! ğŸ‡µğŸ‡­ | British Foreigner and Filipina VLOG
EXPLORING AN UNDERGROUND RIVER (New 7th Wonder of Nature) | Puerto Princesa, Philippines
First time in Philippines - First Impression of Philippines ğŸ‡µğŸ‡­
THIS IS WHY YOU VISIT THE PHILIPPINES ğŸ‡µğŸ‡­ | We discover Paradise Island Hopping The Philippines
Japanese tries Jollibee breakfast in the Philippines for the FIRST TIME
Americans Try Filipino Street Food (BALUT & More!)
RESCUED BY FILIPINO FRIEND AGAIN! (I Love This In Philippines)
My FIRST TIME trying JOLLIBEE ğŸ‡µğŸ‡­ Philippines
First Time Trying Filipino Breakfast In Davao ğŸ‡µğŸ‡­
Foreigners life in rural Philippines jungle ğŸ‡µğŸ‡­
Dutch Nanay & Tatay Try Filipino Food Escabeche (Cod)
Our SHOCKING first impressions of CORON Philippines ğŸ‡µğŸ‡­ We got STRANDED!
First Time in MANILA (Exploring MAKATI & Potato Corner Fries!) - Philippines Travel Vlog
We are in Manila - What is the Philippines REALLY like now? ğŸ‡µğŸ‡­
PRODUCERS REACT - Gigi De Lana Unholy Reaction
FIRST TIME IN MANILA, PHILIPPINES ğŸ‡µğŸ‡­(Impressed Already)
JAPANESE REACTION / Geography now Philippines
WOW!! WINNER AGAIN! FOREIGNERS FIRST TIME TRYING FRUIT SALAD. REACTION? EPISODE 54
First Impression of Philippines University ğŸ‡µğŸ‡­ WE DID NOT EXPECT THIS
My Sister Will TRY LUMPIANG SHANGHAI Filipino roll
V387 - FOREIGNER BUILDING A CHEAP HOUSE IN THE PHILIPPINES - GARDENING IN THE PHILIPPINES
Livestream From The Philippines. Every Man Has A Story
THE BEST CHICKEN INASAL IN THE PHILIPPINES? ğŸ‡µğŸ‡­ BACOLOD CITY FOOD TOUR PLUS CANSI
Filipina British Life in UK: Ang tinatagong talento ni mister! ğŸ‘¨â€ğŸ³
Exploring Baguio city - Foreigners travel Philippines
FOREIGNER WEEKLY BUDGET IN THE PHILIPPINES ?? IS IT CHEAP TO LIVE IN THE PHILIPPINES
Indian Best Couple Tik Tok Reaction by Japanese | Relationship Goals | Musically Couple
Don't Do This in Philippines ğŸ‡µğŸ‡­
V386 - FOREIGNER BUILDING A CHEAP HOUSE IN THE PHILIPPINES - DISASTER WITH THE WATER TANK
Foreigner and Filipina bought cheap land | Philippines! | Province life Leyte | ğŸ‡µğŸ‡­
Our first day on Siargao Island... ğŸ‡µğŸ‡­
FOREIGNER Travels To Cebu, Philippines ğŸ‡µğŸ‡­
Americans React To The Philippines Eagle VS The Harpy Eagle - Who is the king of the eagles ?
FILIPINO BABY CHRISTENING - Foreigner Living Barangay Life In Davao (Mindanao, Philippines)
WOW! Mcdonalds in the Philippines
BEST LECHON IN CEBU CITY PHILIPPINES || FOREIGNER EATING FILIPINO NATIVE LECHON IN CEBU CITY, YUMMY?
Japanese Business Man Reaction / 1,000 Filipino Troops vs. 40,000 Chinese Soldiers
AMERICAN FAMILY tries JOLLIBEE For The FIRST TIME in Manila, Philippines ğŸ‡µğŸ‡­ | McDONALD'S vs JOLLIBEE
Lechon in Cebu Philippines. Try to eat grilled whole pig ã‚»ãƒ–å³¶åç‰© è±šã¾ã‚‹ã”ã¨ç‚­ç«ç„¼ã - ASUKARIN CHANNEL in ASIA
Kids React to Filipino Culture Items
What Attracts Expats to live in Kerala, India? Foreigner exploring Kochi, Mattancherry, Jew Town.
Foreigners Cruise to Manila In The Most Expensive Suite! 1st Class all the Way?
LUXURY FILIPINO BREAKFAST in Tagaytay Philippines (BEST FOOD I ATE) ğŸ‡µğŸ‡­
$2 Filipino Street food (Foreigners are wrong about food in the Philippines)
Foreigners Try Filipino Food!ğŸ‡µğŸ‡­ BEST PINOY Style FRIED CHICKEN? Street Food in Manila Philippines
The Filipino Restaurant Singing BEASTS!| Waleska & Efra react to Madrigal Singers singing in public
Filipinos treatment of foreigners in the Philippines
Foreigner Cant Believe This is Philippines! (Manila, Uptown BGC) ğŸ‡µğŸ‡­
Received This Package, Inside Are Some Interesting Filipino Items
MUST TRY this Filipino breakfast in Manila, Philippines !!
SPEAKING TAGALOG TONGUE TWISTERS with my FOREIGNER JOWA! *so funny!*
Americans Try Sinigang for the First Time in the Philippines ğŸ‡µğŸ‡­
Foreigner speaking Tagalog | By Kuya Klim
RICH 'N CREAMY - outdoor cooking show 4 #filipinofood
FOREIGNER LIFE IN MANILA PHILIPPINES |RAW VLOG WALKING AROUND MALATE
FILIPINO HOSPITALITY: Foreigners Invited to Filipino Birthday Party in Bulacan - Sol&LunaTV ğŸ‡©ğŸ‡´
Americans React To Why did the Philippines keep its Spanish name?
A DAY IN THE LIFE | Foreigner Living in the Philippines | Immigration, Meeting Filipinas & More
ğŸ‡µğŸ‡­ American Couple Reacts ""Geography Now! Philippines"" | The Demouchets REACT ASIA
Living In Japan: Getting A Job In Harajuku, Spontaneous Beach Trip, Visiting My Friends
Mexican Guy Tries JOLLIBEE For The First Time â€¢ FILIPINO MUKBANG w/ @JayGrubz
FOREIGNER MAINTAINING A HOUSE IN THE PHILIPPINES | Buying a House ğŸ‡ºğŸ‡¸ ğŸ‡µğŸ‡­
Dutch Family Try BOODLE FIGHT For The First Time!
FOREIGNER reacts to PHILIPPINES ENGLISH (it's so different)
American fam's first BGC ğŸ‡µğŸ‡­ experience in the Philippines
Americans React to Similarities Between Spanish and Filipino
Korean REACT  Filipino food GInisang monggo first time.
This is why the Philippines is filled with singers!Waleska & Efra react to Elementary School singing
Communication Breakdown (American Tries Learning Filipino Language)
Brits React To FILIPINO Snacks On The Bus To MANILA ğŸ‡µğŸ‡­
Philippines Special Forces | Hunt For ISIS Militants | MARAWI BATTLE
V430 - FOREIGNER BUILDING A CHEAP HOUSE IN THE PHILIPPINES - HOW TO MAKE CHEAP ROOF FASCIA
Latinos react to KOKOI BALDO for the first time on THE VOICE PH ğŸ¥µ
WHAT HAPPENED ON MY BIRTHDAY? | FOREIGNER BOYFRIEND SPEAKING TAGALOG
FOREIGNER reacts to AMERICANS Try JOLLIBEE For The FIRST TIME
THIS IS WHY WE CHOOSE TO LIVE IN THE PHILIPPINES PROVINCE | Foreigner and Filipina Wife Family VLOG
First Impression of Manila 2022 - We Did Not Expect This
The CRAZIEST McDonald's Menu is in the Philippines ğŸ‡µğŸ‡­ (Spaghetti & Red Horse)
How Filipinos REALLY treat foreign women in the Philippines (street interviews)
Encantadia: Full Episode 209 (with English subs) | REACTION
ENGLISH GIRLS TRY JOLLIBEE FOR THE FIRST TIME ğŸ‡µğŸ‡­Do we like it??ğŸ˜±
Asking Londoners to Pick Most Beautiful Filipino Celebrity?! ğŸ˜ğŸ¤”
FOREIGNERS react to FILIPINO NOCHE BUENA Christmas Food Reaction
ğŸ‡µğŸ‡­ Tiaong, Quezon day tour from Manila, Philippines (Villa Escudero)
ğŸ‡µğŸ‡­CRAZY DANGEROUS ROADTRIP IN MY LIFE TO MEET 105 YEARS OLD PHILIPPINES
WELCOME TO THE PHILIPPINES ğŸ‡µğŸ‡­
Trying Filipino Street Food for the First Time with Ava! | Ella Fajardo
Europeans React to Filipino Childhood Snacks In Manila ğŸ‡µğŸ‡­
Filipino coconut wine cocktail (TUBUL) recipe | Korean tries Filipino drink TUBA
Filipina British Life: Why did I choose to marry a foreigner?ğŸ¤”
Japanese React to ""Geography Now! Philippines""
First Impressions of BGC | IS THIS EVEN THE PHILIPPINES?! ğŸ‡µğŸ‡­
Foreigners Shocked by FILIPINO DRINKING Etiquette! This is CRAZY (Philippines 101)
Saturday Vibes In The Philippines
Foreigners Explore BGC Manila & Venice Grand Canal - Philippines Travel Vlog
FOREIGNER STRANDED Cebu back to LOCKDOWN!? Emotional Life In Philippines (ECQ)
i tried FILIPINO 7 ELEVEN and fast foods in MANILA PHILIPPINES
I Survived 24 Hours in the Philippines with No Money ğŸ‡µğŸ‡­
Foreigners Hiked BEAUTIFUL Taal Volcano, Philippines! The smallest ACTIVE Volcano in the WORLD!
Incredible Filipino energy inside Divisoria market Manila ğŸ‡µğŸ‡­
Americans React to Top 20 Desserts in the Philippines
PHILIPPINES BEST DRIED FISH? Foreigner Tries Lake Mainit Bulad (Daing - Surigao)
Americans React to Celebrities With Filipino Blood!
First Time Hearing Morissette Amon Reaction You Are The Reason with Daryl Ong Reaction
FOREIGNERS SHOCKED about FILIPINO vs. SPANISH Language Differences!
FOREIGNER WEEKLY BUDGET OF FOOD IN LOCK DOWN QUARANTINE EXPAT LIFE PHILIPPINES
Asia Jackson and Anthea Asmah react to ""Anti-Blackness in Filipino Culture""
AJ Rafael & VJ Rosales React to ""Are Filipinos Marketable in Music?""
First Time in MANILA, Philippines | First Taste of JOLLIBEEğŸ‡µğŸ‡­
Foreigners react to INSANE PINOY TALENT - he performs 100 years of FILIPINO MUSIC in one go!
My wife always amazes meâ€¦ Living in the PHILIPPINES ğŸ‡µğŸ‡­| Foreigner and Filipina Family VLOG
My FIRST TIME in Bonifacio Global City (BGC) ğŸ‡µğŸ‡­ SHOCKED this is Manila | Philippines
First Time in BORACAY 2022! INSANE Philippines Island PARADISE!
FAMOUS CELEBRITIES try to speak TAGALOG - Foreigners Reaction!
WE FOUND THE PERFECT LAND TO BUY in the PHILIPPINES ğŸ‡µğŸ‡­ SIMPLE LIFE FOREIGNER FILIPINA PROVINCE VLOG
First Impressions in the Oldest City of the Philippines ğŸ‡µğŸ‡­ Amazing Cebu!",362
Z172,3,banana banana-banana,"Why Americans Love Filipino Culture
A FOREIGNER CELEBRATING EASTER IN A REMOTE JUNGLE IN THE PHILIPPINES
FOREIGNERS' First Opinions About PHILIPPINES - I wasn't expecting THIS...
$30 FILIPINO STREET FOOD TOUR in BINONDO (Chinatown) MANILA, Philippines ğŸ‡µğŸ‡­ | | MUKBANG Philippines
FOREIGNERS FIRST ROAD TRIP in the PHILIPPINES to MINDORO ORIENTAL
$10 FILIPINO STREET FOOD TOUR at UGBO in TONDO Manila, Philippines ğŸ‡µğŸ‡­ | MUKBANG Philippines
Americans React To The Philippines Innovation Boom | PHILIPPINES IS MAKING BIG MOVES!
Filipinska tradicija doÄeka Nove godine | Filipino New Year's eve tradition
Celebrity Chefs Reaction on Filipino Food
Trying FILIPINO SNACKS for the FIRST TIME!
Foreigners Exploring SAGADA!! STRANGEST Town in the Philippines Mountains?!
Filipino Family BBQ at STANLEY PARK | Vancouver VLOG 2021
""Cooked Fruit? NO!"" / I DON'T BELIEVE IN FRYING BANANA / REACTION OF SOUTH AFRICAN TO OUR BANANA-Q
Foreigner Filipina Family living Simply in Philippines.
Filipino food in ğŸ‡µğŸ‡­ Manila, PH vs Denver, USAâ€”clear winner?
Americans Try Jollibee in the Philippines for the FIRST TIME! ğŸ‡µğŸ‡­
SLOW LIVING IN THE PHILIPPINE PROVINCE | ISLAND LIFE
First Filipino guy ever, visit Russian village in Samal Island, Philippines
FILIPINO DOG LOVE - Beach Home Life In The Philippines (Cateel, Davao)
How the World Eats Jackfruit | Bangladesh, Fiji, Brazil, Malaysia, Philippines, India
MEETING OUR FIRST GUEST IN THE PHILIPPINES | FOREIGNER'S LIFE IN MINDANAO | ISLAND LIFE
ALFRED FROM GERMANY VERY ANGRY ???A SHOCKING  DAY / GERMANY LIVING IN THE PHILIPPINES
The Ultimate 24h in BOHOL (Philippines) ğŸ‡µğŸ‡­
Filipina British Couple: BUHAY LDR+ NAG VLOG SI MISTER |Mia Sandoval
Bringing My Wife to My Childhood Home in the Philippines For the First Time
speaking TAGALOG ONLY to my FOREIGNER JOWA *so funny!*
My Sister Will TRY LUMPIANG SHANGHAI Filipino roll
$5 FILIPINO STREET FOOD TOUR at QUIAPO MARKET in Manila, Philippines ğŸ‡µğŸ‡­ | Mukbang Philippines
V387 - FOREIGNER BUILDING A CHEAP HOUSE IN THE PHILIPPINES - GARDENING IN THE PHILIPPINES
Why Foreigners LOVE The Philippines!
INTERNATIONAL CELEBRITY | FILIPINO FOOD #filipinofood
Foreigner in an Filipino Market in the Philippines! Palengke Trip!
Introducing FILIPINO Food to my Korean Friends!
Filipino English vs American English, We Didn't Know THIS! (REACTION)
Eating Filipino Kamayan Dinner First Time REACTION (Filipino Food): Traveling with Kids
DO FOREIGNERS LIKE FILIPINO ICECREAM?
The Most Expensive Pineapple in The Philippines ğŸ‡µğŸ‡­
FOREIGNER TRYING FILIPINO NATIVE LECHON IN CARCAR CEBU PHILIPPINES! Yummy?
Foreigners Try Filipino Food!ğŸ‡µğŸ‡­ PINOY SPAGHETTI & LUMPIANG SHANGHAI - BEST Food in the Philippines
Foreigners First Time in Tagaytay ğŸ‡µğŸ‡­ INSANE Volcano View From Our Room
FOREIGNER SHOCKED IN PHILIPPINES! Big Surprise In Tacloban (Finding My Car)
MUST TRY BEFORE YOU DIE FILIPINO STREET FOOD!! ğŸ‡µğŸ‡­
This is What $50 Gets You in this Philippine Town ğŸ‡µğŸ‡­ (FULL DAY)
First Time Eating Filipino Food with Tasty Reactions
Americans React to What It's Like To Have A Filipino Friend
Surprising Food Combos PART 2 | Haiti, Philippines, USA
best & biggest ALL YOU CAN EAT BUFFET in the world
PINOY TOP 9 - Must Try in PHILIPPINES ğŸ‡µğŸ‡­
COME SHOPPING WITH ME UK 2022 | FILIPINO FOOD IN UK | GROCERY HAUL UK 2022 | @hellokittycat76
FOREIGNER reacts to guess the REAL FILIPINO
5 Filipino FOOD HABITS only Filipinos Will Get Foreigner Reaction!
Foreigners traveling to CEBU ğŸ‡µğŸ‡­ Staying in a luxury Dome. (Vlog 52 - Philippines)
Italian Cooks Banana Cue For The First Time in The Philippines!
Foreigner tries Filipino food for first time at Little Manila in Seoul!
THE BEST CHICKEN INASAL IN THE PHILIPPINES? ğŸ‡µğŸ‡­ BACOLOD CITY FOOD TOUR PLUS CANSI
The BEST tour in Philippines | Island Hopping in El Nido, Palawan ğŸ‡µğŸ‡­
EXPERIENCING THE PHILIPPINES CHRISTMAS SPIRIT! Filipino Holiday Street Food & Huge Life Update!
Homeless foreigner in the Philippines shares incredible story of how he ended up living the streets
The 2 Sides Of Boracay, Philippines ğŸ‡µğŸ‡­ (What They Don't Show You)
FOREIGNER WEEKLY BUDGET IN THE PHILIPPINES ?? IS IT CHEAP TO LIVE IN THE PHILIPPINES
Exploring ENORMOUS Filipino Church Castle
Meeting with Apo Whang Od - The Last and Oldest Tribal Tattoo Artist - KALINGA PHILIPPINES
24 Hour Filipino Food Challenge!
Foreign Reaction to Banana Cue
Foreigners REACT to Popular Filipino Snacks ğŸ‡µğŸ‡­
15 popular filipino snacks, Americans trying Filipino food
IS THE PHILIPPINES SAFE? |FOREIGNER TRAVELS TO PHILIPPINES MOST DANGEROUS ISLAND
FOREIGNER'S Amazed at First RAMADAN BAZAAR EXPERIENCE - SANGAT SEDAP!!ğŸ‡²ğŸ‡¾
Koreans Try PINOY Spaghetti for the First Time! ğŸ‡µğŸ‡­ğŸ‡°ğŸ‡·| Korean Ate
Arriving On Boracay -  Philippines Best Island? ğŸ‡µğŸ‡­
Things Filipina FEARS When Dating A Foreigner - Philippines
Foreigner and Filipina bought cheap land | Philippines! | Province life Leyte | ğŸ‡µğŸ‡­
First Impressions of Manila, Philippines ğŸ‡µğŸ‡­
Doctors Visit, Fiesta Pavia, I love the Philippines
Our first day on Siargao Island... ğŸ‡µğŸ‡­
Foreigners SHOCKED by MASSIVE BBQ in The Philippines! ğŸ‡µğŸ‡­
Inside A Filipino Water Village In Sabah
Is SIARGAO the new BALI? Philippines Best island
Foreigners Try Filipino Food! SISIG, CRISPY PATA & San Miguel Beer! Philippines Street Food PULUTAN
Philippines Typhoon Haiyan (Yolanda) | Before & After The Super Storm | Tacloban, Leyte | HD
TRAVEL in the PHILIPPINES is BETTER than EVER - ORMOC TO BOHOL ğŸ‡µğŸ‡­ - Foreigner and Filipina VLOG
The most BEAUTIFUL island in the Philippines!?! - Foreigner's first day in Siargao!!
SURPRISING PHILIPPINES LOCAL MARKET SHOPPING as a FOREIGNER  | TRUE Price of FOOD - Cost of Living
$60 Boodle Fight Siargao Philippines ğŸ‡µğŸ‡­
MOBBED BY LOCALS IN THE PHILIPPINES! (first impressions of CEBU CITY!) ğŸ‡µğŸ‡­
FOREIGNER reacts to FRENCH Try FILIPINO TURON for the First Time
Americans React and Try Philippines National Dish | React to Filipino Street Food Tour in Manila
My American Girlfriend Tries Balut! (NANGISAY) | Filipino x American Couple ğŸ‡µğŸ‡­ğŸ‡ºğŸ‡¸
How the World Eats Avocado | Eswatini, Philippines, Colombia, Guinea-Bissau, Syria
First impressions of FOREIGNER driving through the Province... so beautiful! ğŸ‡µğŸ‡­
Trying FILIPINO FOOD for the FIRST TIME!
HARRY GOES TO SALCEDO MARKET | TRYING FILIPINO STREET FOOD
First Impression of Cebu. Our First Grocery Shopping in the Philippines! Philippine Vlog 2022
MY SISTER'S FIRST TIME ARRIVING TO THE PHILIPPINES! Emotional Reunion & First Filipino Food!
Trying Filipino Food!
Foreigners First Time Eating PARES in The Philippines - Sol&LunaTV ğŸ‡©ğŸ‡´
American Food In The Philippines ğŸ‡µğŸ‡­
Filipino dutch family try the hungarian langosÌŒ at Amstelpark
$2 Filipino Street food (Foreigners are wrong about food in the Philippines)
FIRST IMPRESSIONS of MANILA - Foreigners SHOCKED!!!
Blindly Trying Filipino Street Food For The First Time! (Balut, Isaw, Kwek Kwek)
Jollibee the most famous fast food in the Philippines ãƒ•ã‚£ãƒªãƒ”ãƒ³è¶…äººæ°—ãƒ•ã‚¡ã‚¹ãƒˆãƒ•ãƒ¼ãƒ‰åº— - ASUKARIN CHANNEL in ASIA
Foreigners Try Filipino Food!ğŸ‡µğŸ‡­ BEST PINOY Style FRIED CHICKEN? Street Food in Manila Philippines
Our FAMILY FARMLAND TOUR IN THE PHILIPPINES MOUNTAINS - Foreigner's life in the Province
Foreigner Tries CHICKEN ADOBO for the FIRST TIME in Manila!
Cooking Filipino Food For My British Family! (First Time Trying Adobo, Sinigang & Turon)
Americans going Filipino! Nipa Hut, Speaking Bisaya, Learning the culture, Filipino Food and love!
Foreigners Try HALO HALO & Explore INTRAMUROS - Philippines Travel Vlog
CORON, Philippines ISLAND Hopping! | Foreigners ALONE in Palawanâ€™s PARADISE!
Arrival in Davao, Philippines South ğŸ‡µğŸ‡­
Foreign Reaction to Filipino Turon
Trying NEW Filipino Breakfast Dishes Per Request â€¢ Tocilog â€¢ Hotsilog â€¢ Sisig Silog
1st Time Eating Filipino Street Food In Manila ğŸ‡µğŸ‡­
FIRST IMPRESSIONS OF MANILA ğŸ‡µğŸ‡­ THIS IS NOT GOING HOW HE HOPED ğŸ˜± DAY ONE IN MANILA
Latinas first time modelling in the Philippines? SATO (FILIPINO BRAND) - Sol&LunaTV ğŸ‡©ğŸ‡´
Foreigners' First Impression of Tagaytay City Philippines ğŸ‡µğŸ‡­ Trying Local Delicacies
MUST TRY this Filipino breakfast in Manila, Philippines !!
Trying Jollibee for the First Time | Most Popular Food Chain in the Philippines
ğŸ‡µğŸ‡­ Is this the Siargao everyone loves?
FOREIGNERS react to ""What the WORLD would look like WITHOUT THE PHILIPPINES""
HUNGARIAN SISTER'S FIRST TIME IN MANILA! First Impression & Her New Favorite Filipino Food
Foreigner and Filipina Building a Western Style Home in the Philippines ğŸ‡µğŸ‡­
FOREIGNER EXPLORING EXOTIC FILIPINO FARM ğŸŒ¾ They have so many fruits and veggies! Ep. 12
Trying Filipino Food In The UK!
What Should You Buy at a Filipino Grocery Store? ğŸ‡µğŸ‡­
Boracay is PARADISE in The Philippines! (canâ€™t believe I did this..)ğŸ‡µğŸ‡­
What Would The World Do Without The Philippines?
Solo Adventure Through The ""Worst"" Slum in The Philippines ğŸ‡µğŸ‡­ (Tondo)
DON'T MISS THIS town in Palawan, The Philippines! ğŸ‡µğŸ‡­
HUNGARIAN GIRL TRYING FILIPINO SNACKS FOR THE FIRST TIME!ğŸ˜±
ARABS Trying FILIPINO Street Food For the First Time! ğŸ‡µğŸ‡­ (Isaw, Kwek Kwek, Lumpia Ubod etc.)
My experience visiting BGC Manila Philippines  ğŸ‡µğŸ‡­
Trying treats at strawberry farm in Benguet Philippines!
Foreigner speaking Tagalog | By Kuya Klim
OUR CHILDREN WOW'D FIRST TIME EXPERIENCING CHRISTMAS IN THE PHILIPPINES |NOCHE BUENA AMBW VLOGS
Becoming FILIPINO 2 (skit)
Foreigner Cooking Giant Camote - Province Life Philippines
Showing My ARAB Brother MAKATI & BGC!ğŸ‡µğŸ‡­  (Dubai of the Philippines) ğŸ’µ
WHAT A YUMMY DISH - outdoor cooking show 1 #filipinofood
Our First Time In Manila Philippines ğŸ‡µğŸ‡­
I Tried EVERY Filipino Snack!
Foreigner is trying filipino food. Filipino breakfast for a first time - FRIED DRIED FISH REACTION!
A DAY IN THE LIFE | Foreigner Living in the Philippines | Immigration, Meeting Filipinas & More
SURPRISED By My FIRST TIME in Cebu City | Philippines ğŸ‡µğŸ‡­
The Best Food Street in the Philippines? ğŸ‡µğŸ‡­
ğŸ‡µğŸ‡­ American Couple Reacts ""Geography Now! Philippines"" | The Demouchets REACT ASIA
Foreigners Try Authentic Filipino Food In The Philippines!ğŸ‡µğŸ‡­ (Unlimited Filipino Buffet)
FIRST TIME WALKING OUTSIDE IN LOCKDOWN CEBU CITY PHILIPPINES - (After 2 Months!)
Foreigners Trying FILIPINO Snacks - Q&A: How we bought land in the Philippines!? (Vlog 22 - Siargao)
Trying Spiciest Filipino FoodğŸŒ¶ï¸Bicol Express and Sili Ice Cream VOLCANO LEVEL!ğŸ”¥
FOREIGNER LIFE IN MANILA PHILIPPINES |RAW VLOG | WALKING AROUND MALATE MANILA
Foreigners eating REAL Filipino Food! | Food tour of Marikina Manila
Americans React To BAGYO KA LANG!! PINOY KAMI! Filipino Funny Moments!
$1 Halo-Halo In Rural Siargao Philippines ğŸ‡µğŸ‡­
Dutch Family Try BOODLE FIGHT For The First Time!
SO MUCH FUN: Grocery Shopping In The Philippines ğŸ‡µğŸ‡­
First impressions of MUNNAR, Kerala ğŸ‡®ğŸ‡³ PARADISE on Earth INDIA
This is NOT the Philippines we Remember. It's Changed! Exploring Cebu City
Things Iâ€™ve ONLY seen in Philippinesâ€™ supermarkets ğŸ‡µğŸ‡­
FOREIGNERS TRYING TO GROW A JUNGLE IN THE PHILIPPINES! (VLOG 8 - SIARGAO)
Our FIRST Time Experiencing Christmas Spirit in the PHILIPPINES! ğŸ‡µğŸ‡­ (Vlogmas Day 1)
Local Filipinos help a stranded Foreigner in Bohol ğŸ‡µğŸ‡­ Philippines Travel Vlog Ep 24
SHOCKING FILIPINO BIRTHDAY FOOD | Pinikpikan in Sagada, Philippines
Foreigner Tries The Strangest Filipino Street Food ğŸ‡µğŸ‡­
FILIPINO HUNGARIAN COUPLE'S LOVE STORY! From Long Distance Relationship to Married
HALAL FILIPINO STREET FOOD! Quiapo Manila's MUSLIM TOWN FOOD TOUR! Manila Street Food Philippines
What's Manila Like? Philippines 1st Impressions ğŸ‡µğŸ‡­
They Dint Fell SAFE in Philippines | REACTION VIDEO
Random Americans Pick Their Favorite Filipino Chips?!
Foreign Reaction to Filipino Kare Kare ğŸ¤¤â¤ï¸
Americans React to Filipino Street Food at Roxas Night Market in Davao! (Best Ever Food Review Show)
Best Street Food in the Philippines - Manila's Famous Ugbo Street ğŸ‡µğŸ‡­
We ate EVERY ğŸ‡µğŸ‡­ Filipino street food in Cebu City, Philippines (even balut!)
FOREIGNER reacts to AMERICANS Try JOLLIBEE For The FIRST TIME
Foreigners New Home And Neighbourhood Tour Philippines
CHEAP HOUSE RENT $40 PER MONTH | COST OF LIVING IN THE PHILIPPINES | SIQUIJOR ISLAND |
First Impression of Manila 2022 - We Did Not Expect This
In laws trying more pinoy food! | Filipino Dutch Family
Trying Filipino Boodle Fight for the First Time | UK Man's Reaction
A Foreigner's Life - Simple Living in the Philippines
Americans React to Philippines | 8 Mythical Creatures From The Philippines
Honest Filipino Street Vendor Gets A Reward ğŸ’°ğŸ‡µğŸ‡­
How to Travel Philippines (Full Documentary) ğŸ‡µğŸ‡­
Americans React to Jewish Rescue in The Philippines!
What I Ate in El Nido, Philippines
Foreigners Try Filipino Food in Dubai (Filipino Food Reaction)  - Mukbang!!
Foreigners Voted Philippines is Number One In Asia, THIS IS HUGE!
First Time Trying Halo Halo In The Philippines ğŸ‡µğŸ‡­
MY PARENTS ARRIVING TO THE PHILIPPINES FOR THE FIRST TIME!
Foreigner Explores ''FRIENDLY'' Neighbourhood In The Philippines
HUNGARIAN FRIENDS IMPRESSED BY PHILIPPINES MOST BEAUTIFUL VIEW! + First Time Trying Moma LAPTRIP
WELCOME TO THE PHILIPPINES ğŸ‡µğŸ‡­
Europeans React to Filipino Childhood Snacks In Manila ğŸ‡µğŸ‡­
WHAT DO FOREIGNERS LOVE MOST ABOUT PHILIPPINES? (ft. Juicy Vlog & Making it Happen)
My Business In The Philippines As A Foreigner
First Impression of Bohol Philippines ğŸ‡µğŸ‡­ Cebu to Bohol
My First Time In The PHILIPPINES (I Can't Believe This!) ğŸ‡µğŸ‡­
Filipina British Life: Why did I choose to marry a foreigner?ğŸ¤”
FOREIGNER WITHOUT COMPLAINT EAT SARDINES IN LOCK DOWN QUARANTINE LIFE IN PHILIPPINES ? UNBELIEVABLE
American Trying Delicious Filipino Banana CueğŸ‡µğŸ‡­
FILIPINO Parties Be Like | Smile Squad Comedy
Trying The Tasty Filipino Chocolate And Fish Meal Champorado With Tuyo
WE LEFT!.. OUR FIRST TIME TRAVELING THE PHILIPPINES THIS YEAR ğŸ‡µğŸ‡­ Foreigner and Filipina Family VLOG
Crazy First Day in the Philippines ğŸ‡µğŸ‡­ (Our First Impressions of Manila)
Foreigners Living Local BEACH Life in Philippines.. Fighter Boys
OUR FIRST TIME CAMPING TOGETHER! Philippines Farm (Kumander Daot)
How the World Eats Corned Beef | Indonesia, USA, Bahamas, Australia, Wales, Philippines, Puerto Rico
ğŸ‡µğŸ‡­ Indigenous BLACK Asians Media Don't Show! Americans React ""African Tribes of The Philippines""
FOREIGNER EATING TRADITIONAL FILIPINO WEDDING GIFT ğŸ‡µğŸ‡­ SUMAN ğŸ˜ŠUnexpected food Philippines ğŸ² Ep. 13
PARADISE FOUND? Foreigner Explores Mystical Hidden Caragan Valley in Davao (Mindanao, Philippines)
Foreigner At The Wet Market Philippines
DOC Hazem's First BOODLE FIGHT in the PHILIPPINES! (Unli Kamayan) ğŸ˜ğŸ‡µğŸ‡­
ğŸ˜‚AMERICANS NEED FILIPINO FRIENDS!! What It's Like To Have a Filipino Friend | Markian | Reaction
SERBIAN tries LUMPIANG SHANGHAI (FILIPINO FOOD)
Foreigner Reacts to Easy Peasy History of the Philippines
How to Experience Province Life in Philippines as Foreigner ğŸ‡µğŸ‡­
Americans React to Trying Filipino Street Food For The First Time! (People Vs Food)
Foreigner Making Coconut Candy Over A Fire - Province Life Philippines
ì™¸êµ­ì¸ì´ ì²˜ìŒ ë°©ë¬¸í•œ í•„ë¦¬í•€ ì‹œê³¨ë§ˆì„, ì½”ë¡œë‚˜ 3ê°œì›”ë§Œì— ì•„ì´ë¥¼ ë§Œë‚œ ê°€ì •ë¶€(foreigner live in Philippines, rural Philippines village)
EXPLORING AN UNDERGROUND RIVER (New 7th Wonder of Nature) | Puerto Princesa, Philippines
This our life in Philippines | Simple Province Life
FOREIGNERS react to FILIPINO KINDNESS: Jewish Rescue in the Philippines
Foreignersâ€™ First Opinions about Philippines (Vlog 54)
OUR NEW FILIPINO FRIENDS really SURPRISED US ğŸ‡µğŸ‡­ Philippines Travel VLOG Foreigner Filipina Family
HOW SOME FILIPINO RESPOND WHEN FILIPINA MARRY A FOREIGNER || FILIPINA WIVES, FILIPINA MAID
Foreigners Try Filipino Food!ğŸ‡µğŸ‡­ PINOY BREAKFAST!ğŸ³ Kamayan Boodle Fight! Philippines Street FoodğŸ¤¤
MY PARENTS' FIRST REACTION TO PHILIPPINES PROVINCE LIFE! Honest Opinion of the Public Market
Filipino Products that Koreans Love
Filipinos are the friendlies people in the world (foreigner learning to speak Bisaya in Cebu)
We try Traditional FILIPINO DESSERTS for the FIRST TIME!
Pinoy Cuisine: A Journey Through Filipino Food TOUR in NYC (24 Hours Eating NYC- Kabisera, Jollibee)
Foreigner Filipina House Build Philippines Such is life 9 Oct 22. @LeRocphilippines5539
FOREIGNER MAKES HALO-HALO FILIPINO DESSERT FOR THE FIRST TIME!!
Americans Visit Manila, Philippines for the FIRST TIME
FINAL THOUGHTS of BASILAN | Mindanao Philippines Travel Vlog
What Itâ€™s Really Like Living In The Philippines!ğŸ‡µğŸ‡­ Foreigner Living In The Philippines
World's Oldest Street Food Tour - Binondo Manila, Philippines
HOW MUCH IS LIVING  FOOD EXPENSES IN THE PHILIPPINES / FOREIGNER FILIPINA RELATIONSHIP
WARNINGS, THOUGHTS, AND GEMS DISCOVERED... ğŸ¤”
CORON PALAWAN ( Free diving & Island hopping) Philippines travel vlog
I TOOK MY HUNGARIAN FRIENDS TO PHILIPPINES PARADISE! First Time Boodle Fight!
Foreigners Try BULALO in Tagaytay! - Philippines Travel Vlog
FILIPINO FRIENDS Cook Delicious FOOD | Foreigners Experience LOCAL PHILIPPINES
Kind Filipinos Took Me To Manilaâ€™s Rich Area ğŸ‡µğŸ‡­
FOREIGNER reacts to WHAT Should You Buy at a FILIPINO GROCERY Store
Grocery Prices In The Philippines, Foreigners React At Grocery Haul
MY KOREAN IN-LAWS ğŸ‡°ğŸ‡·ğŸ‡µğŸ‡­ TRYING FILIPINO DELICACIES | PANDESAL ANG NAGUSTUHAN NILA!!!
My FIRST TIME in the PHILIPPINES! (first impressions of Manila) ğŸ‡µğŸ‡­
Pinoy Food Reaction Video 2020 - Cooking your dish - TURON
Foreigners life in rural Philippines jungle ğŸ‡µğŸ‡­
MUST TRY FOODS IN ZAMBOANGA CITY PHILIPPINES FOOD TOUR ğŸ‡µğŸ‡­ (PART 2)
Must Try Filipino Food In Centre Of Paris!
My wife always amazes meâ€¦ Living in the PHILIPPINES ğŸ‡µğŸ‡­| Foreigner and Filipina Family VLOG
What A BAD Day Looks Like Living In The Philippines!ğŸ‡µğŸ‡­ Foreigner Living In The Philippines
5 Reasons Why Japanese shouldn't Come to The Philippines | Spanish REACTION | WHY??.....ğŸ¤”
The BEST $220 Boat Tour in El Nido, Philippines (with my dad!) ğŸ‡µğŸ‡­
Our SHOCKING first impressions of CORON Philippines ğŸ‡µğŸ‡­ We got STRANDED!
First Time in BORACAY 2022! INSANE Philippines Island PARADISE!
Korean REACT try first time filipino boodle fight
TOURISTS VISIT OSLOB FOR THE FIRST TIME | Philippines 2022
JAPANESE trying FILIPINO ALCOHOL for the FIRST TIME! Foreigners Reaction!
Tourists in Mindanao with Becoming Filipino! #davaooriental #baganga
What Do Filipino People Order at Filipino Restaurants? ğŸ‡µğŸ‡­
PHILIPPINES STREET FOOD Tour - INSANELY DELICIOUS | FIRST TIME Trying JOLLIBEE!
Americans REACT to Filipino Lifestyle | The Philippines Is Amazing
UNBELIEVABLE / TASTY - outdoor cooking show 5 #filipinofood
First Impressions in the Oldest City of the Philippines ğŸ‡µğŸ‡­ Amazing Cebu!",267
Z171,3,mango peach,"Ultimate Filipino Food Festival In The Netherlands!
First time trying Filipino Street Food.
This Is How Filipinos Welcome You At The Beach ğŸ‡µğŸ‡­
$30 FILIPINO STREET FOOD TOUR in BINONDO (Chinatown) MANILA, Philippines ğŸ‡µğŸ‡­ | | MUKBANG Philippines
ğŸ‡ºğŸ‡¸ American fam's first time in ğŸ‡µğŸ‡­ the Philippines!
Foreigner and Filipina Living Life Philippines LeJhaz Family Fud Day 4Dec22. @LeRocphilippines5539
AMERICANS REACT CHRISTMAS IN PHILIPPINES VS. USA ğŸ‡ºğŸ‡¸ğŸ„ğŸ‡µğŸ‡­ | EL's Planet
I can't believe MY FOREIGNER HUSBAND did this in THE PHILIPPINES ğŸ‡µğŸ‡­ | PROVINCE TRAVEL FOOD VLOG
Filipinska tradicija doÄeka Nove godine | Filipino New Year's eve tradition
Trying FILIPINO SNACKS for the FIRST TIME!
American Kids Try Filipino Snacks | First Time REACTION (Universal Yums Unboxing Taste Test 2020)
Are Filipinos ACTUALLY friendly? (street experiment in the Philippines)
Warning: American Tries Potent Filipino Alcohol for the First Time!
Foreigner Tries JOLLIBEE For The First Time! ğŸ‡µğŸ‡­ (Manila, Philippines)
Americans Try Jollibee in the Philippines for the FIRST TIME! ğŸ‡µğŸ‡­
TRYING JOLLIBEE FOR THE FIRST TIME IN THE PHILIPPINES ğŸ‡µğŸ‡­ (Jollibee Mukbang in Manila)
First Filipino guy ever, visit Russian village in Samal Island, Philippines
Chef Kuya Joey Is Flying To The Philippines!  ğŸ‡µğŸ‡­
How the World Eats Jackfruit | Bangladesh, Fiji, Brazil, Malaysia, Philippines, India
Filipina British Life in UK:RAMDAM KO ANG LUNGKOT PAG WALA SI MISTERğŸ˜­
Foreigners $50,000 Philippines House Tour!
5 Reasons Why Japanese SHOULDN'T Come to Philippines - She REALLY Said This? JUICY REACTION
FIRST DAY in MANILA ğŸ‡µğŸ‡­ Searching Paradise In THE PHILIPPINES
WOW!! WINNER AGAIN! FOREIGNERS FIRST TIME TRYING FRUIT SALAD. REACTION? EPISODE 54
First Impression of Philippines University ğŸ‡µğŸ‡­ WE DID NOT EXPECT THIS
Japanese Filipino Couple React to Jollibee Commercials! [International Couple]
MANILA BGC FOR FIRST TIME (Ever).. Not What I Expected
Foreigners AMAZED at True Beauty of Intramuros - Metro Manila's OLDEST City, Philippines!
Introducing FILIPINO Food to my Korean Friends!
DO FOREIGNERS LIKE FILIPINO ICECREAM?
Philippines Province Foreigner FIRST TIME Cooking in Dirty Kitchen! |  Kananga Leyte Market Shopping
Foreigner Reaction To FILIPINO FOOD!
Look what we found in Bohol, Philippines!
FOREIGNER SHOCKED IN PHILIPPINES! Big Surprise In Tacloban (Finding My Car)
CANYONERRING during a FLOOD. I almost LOST HERğŸ˜°
Filipino Food, Jollibees style!
Japanese React to â€Wake up in the Philippines: Philippines Tourism Ads 2020â€
European tried Filipino fruit salad (dessert) for the first time.
Americans REACT to Filipino Food | Food in The Philippines Is Amazing
MUST TRY BEFORE YOU DIE FILIPINO STREET FOOD!! ğŸ‡µğŸ‡­
This is What $50 Gets You in this Philippine Town ğŸ‡µğŸ‡­ (FULL DAY)
Americans React to What It's Like To Have A Filipino Friend
best & biggest ALL YOU CAN EAT BUFFET in the world
COME SHOPPING WITH ME UK 2022 | FILIPINO FOOD IN UK | GROCERY HAUL UK 2022 | @hellokittycat76
FOREIGNER reacts to guess the REAL FILIPINO
Foreigners traveling to CEBU ğŸ‡µğŸ‡­ Staying in a luxury Dome. (Vlog 52 - Philippines)
Italian Cooks Banana Cue For The First Time in The Philippines!
Wendy's in the Philippines ğŸ‡µğŸ‡­// Fried Chicken, Taco Burger, Shrimp, Spaghetti, Lumpia, etc.
Trying Japanese Snacks with TOKYO TREAT! [International Couple]
EXPERIENCING THE PHILIPPINES CHRISTMAS SPIRIT! Filipino Holiday Street Food & Huge Life Update!
First SHOCKING Impressions of MANILA in 2022! Philippines has CHANGED?!
The 2 Sides Of Boracay, Philippines ğŸ‡µğŸ‡­ (What They Don't Show You)
First Impressions of MANILA ğŸ‡µğŸ‡­ - Day 1, The Philippines
I Tried Making WOW Streetfood From The Philippines!!
Exploring ENORMOUS Filipino Church Castle
Giving NYC Strangers Jollibee for the First Time?!
15 popular filipino snacks, Americans trying Filipino food
The Philippinesâ€™ Most OUTRAGEOUS Drive-Thru ğŸ‡µğŸ‡­
My mom tries Jollibee for the first time #philippines #foodreview #jollibee #manila
My Hong Kong Family Visits the Philippines ğŸ‡µğŸ‡­
FOREIGNERS Travel to CAVITE to Eat in NEW Cafe | Havre de Grace | Philippines - Sol&LunaTV ğŸ‡©ğŸ‡´
Arriving On Boracay -  Philippines Best Island? ğŸ‡µğŸ‡­
OUR FIRST TIME in Manila Philippines ğŸ‡µğŸ‡­ FULL MANILA TRIP
Americans Try Lechon Kawali for the First Time in the Philippines ğŸ‡µğŸ‡­
Doctors Visit, Fiesta Pavia, I love the Philippines
First Time in Manila, Philippines! Eating Jollibee, taking the metro, and visiting tourist places
Trying FILIPINO SNACKS for the FIRST TIME!
Our first day on Siargao Island... ğŸ‡µğŸ‡­
TRYING POPULAR FILIPINO SNACKS |ë¨¹ë°©| åƒæ’­ | Which Ones Are Our Favourites? | LaterTofuEats
Foreigners At The Philippines Version Of Disney, Enchanted Kingdom. MUST GO!
Trying FILIPINO SNACKS for the FIRST TIME!
Inside A Filipino Water Village In Sabah
Korean tries Jollibee in the Philippines for the first time ğŸ‡µğŸ‡­â¤ï¸ğŸ‡°ğŸ‡·
FOREIGNERS TRY FILIPINO FOOD / PINOY SNACKS REACTION
SOLO TRAVEL TO THE PHILIPPINES | First Impressions of Manila
SURPRISING PHILIPPINES LOCAL MARKET SHOPPING as a FOREIGNER  | TRUE Price of FOOD - Cost of Living
Hong Kong Russian Couple First Impression of BGC Manila | We Love Filipino Food
Americans React to The Philippines | Wake up in the Philippines
Showing You What Foreigner Living Is Like In The Philippines
Americans React To Jollibee Commercials (Filipino Fast Food Restaurant)
My GERMAN BOYFRIEND tries to SPEAK VISAYAN / The Crowns Vlog
AMERICANS TRYING FILIPINO SNACKS (high school edition, inspired by Michaella Anne!)
âœ¨ğŸ‡µğŸ‡­ TRYING FILIPINO CANDY & SWEETS |  What is the best Filipino Sweet (Choconut!? Stick-Os!?)âœ¨ğŸ‡µğŸ‡­
MY FILIPINA WIFE SURPRISED ME! FIRST TIME ğŸ‡µğŸ‡­ OUR LIFE IN THE PHILIPPINES
NYC Things To Do - Best Experience with local New Yorker ğŸ‡ºğŸ‡¸
GERMAN living SIMPLE LIFE in the PHILIPPINES PROVINCE - daily life as a housewife - DAVAO ORIENTAL
Trying Filipino Food!
LUXURY FILIPINO BREAKFAST in Tagaytay Philippines (BEST FOOD I ATE) ğŸ‡µğŸ‡­
Korean REACT to Filipino Foods in Blindfolded (ENG SUB) Mukbang
JAPANESE MEDIA CREATOR REACTION / Wake up in the Philippines: Philippines Tourism Ads 2020
COOK WITH ME AT HOME FILIPINO STYLE JOLLIBEE SPAGHETTI
Binondo (Chinatown) Manila walk: first time in the Philippines! | We are in LOVE...
Trying Filipino Food For the First Time! | Massive Filipino Buffet w/ Sisig, Lechon & More! ğŸ‡µğŸ‡­ğŸ‡¦ğŸ‡ª
Blindly Trying Filipino Street Food For The First Time! (Balut, Isaw, Kwek Kwek)
Foreigner Simple Life In The Province!ğŸ‡µğŸ‡­ Camping In The Philippines
Jollibee Chickenwich Review | Original & Spicy Crispy NEW Jollibee Chicken Sandwich | Filipino Food
Our FAMILY FARMLAND TOUR IN THE PHILIPPINES MOUNTAINS - Foreigner's life in the Province
FIRST TIME at the AMAZING Seoul Sky | Christmas in Philippines ğŸ‡µğŸ‡­
Foreigners ONLY EAT JOLLIBEE for 24HOURS in Philippines!!
Americans trying Filipino food, top 15 Filipino dishes #filipinofood
Strangers Try Jollibee Chicken (FIRST TIME REACTIONS & Mukbang!!)
Foreign Reaction to Filipino Turon
OUR FIRST TIME eating JOLLIBEE we try EVERYTHING on the MENU! ğŸ˜± IN MANILA, PHILIPPINES!
Life and Business in the Philippines (Your Questions My Answers) | John Smulo
My first time visiting a Mall in the Philippines (Filipinos LOVE malls) ğŸ‡µğŸ‡­
V544 - ANOTHER CHRISTMAS PARTY IN THE PHILIPPINES - THE GARCIA FAMILY
1st Time Eating Filipino Street Food In Manila ğŸ‡µğŸ‡­
WE LEFT THE UK TO LIVE LIKE THIS IN THE PHILIPPINES ğŸ‡µğŸ‡­ | Foreigner and Filipina Retired Family VLOG
OUR FIRST TIME IN VISAYAS REGION! CEBU CITY Stole Our Hearts! (Already Want to Move Here??)
Foreigners React To TAGAYTAY City, Philippines! Exploring South Luzon
How the World Eats Mango | Philippines, India, Mexico, El Salvador, Trinidad & Tobago
An AMAZING FILIPINO Restaurant Trip With My Mom!
COST OF LIVING in the PHILIPPINES after the last 12 months ğŸ‡µğŸ‡­| Foreigner and Filipina 2023 Budget
Latinas first time modelling in the Philippines? SATO (FILIPINO BRAND) - Sol&LunaTV ğŸ‡©ğŸ‡´
First Impressions of MANILA, Philippines | BLOWN AWAY By This MetropolisğŸ‡µğŸ‡­
Foreigners' First Impression of Tagaytay City Philippines ğŸ‡µğŸ‡­ Trying Local Delicacies
MUST TRY this Filipino breakfast in Manila, Philippines !!
EUROPEANS FIRST TIME EAT JOLLIBEE PHILIPPINES ğŸ‡µğŸ‡­
$20 Business Class Ferry in the Philippines ğŸ‡µğŸ‡­ (Cebu to Bohol)
Foreigners Go To STRANGEST Festival Ever, Loved it! (Philippines)
7 Shocking Things Foreigners Will See in the Philippines! (#22)
The Jungle life in the Philippines!
Trying Jollibee for the First Time | Most Popular Food Chain in the Philippines
ğŸ‡µğŸ‡­ Is this the Siargao everyone loves?
Trying Famous FILIPINO SNACKS for the FIRST TIME!
HUNGARIAN SISTER'S FIRST TIME IN MANILA! First Impression & Her New Favorite Filipino Food
FOREIGNER EXPLORING EXOTIC FILIPINO FARM ğŸŒ¾ They have so many fruits and veggies! Ep. 12
Korean Silly Guys try to MAKE Filipino CHICHARON (ENG SUB) | Mukbang
ğŸ‡µğŸ‡­| BEST BEACHES of PALAWAN 2022, Philippines Explore El Nido, Palawan
What Should You Buy at a Filipino Grocery Store? ğŸ‡µğŸ‡­
Exploring the Epic Night Markets of Baguio, Philippines | Best We've Seen So Far ğŸ‡µğŸ‡­
Boracay is PARADISE in The Philippines! (canâ€™t believe I did this..)ğŸ‡µğŸ‡­
Age Gap Couple:My Young Filipina Wife is Gold Digger?ğŸ¤‘ |Mia Sandoval
Living in the Philippines as a foreigner - expectations vs. reality
Foreigners not allowed in this market in Manila? ğŸ‡µğŸ‡­
Korean Girl become Addicted to Filipino Drink!ğŸ‡µğŸ‡­ğŸ‡°ğŸ‡·â¤ï¸
Trying Filipino Seafood & More At Gerry's Grill (We Met Gerry?!) ğŸ‡µğŸ‡­
FIRST TIME Eating JOLLIBEE in The Philippines | Honest Review |
Americans Try Sinigang for the First Time in the Philippines ğŸ‡µğŸ‡­
Foreigner tries homemade DINUGUAN + BAGOONG at the market in Cebu City
Showing My ARAB Brother MAKATI & BGC!ğŸ‡µğŸ‡­  (Dubai of the Philippines) ğŸ’µ
FOREIGNERS HONEST OPINION OF BORACAY 2019 - Philippines Travel Guide
American Mom's First Time Trying Lechon in the Philippines, BUT then this happened ğŸ‡µğŸ‡­
I Tried EVERY Filipino Snack!
SURPRISED By My FIRST TIME in Cebu City | Philippines ğŸ‡µğŸ‡­
Americans Try Jollibee For The First Time! (Palabok, Aloha Burger, Jolly Spaghetti, Adobo Rice)
My 1st Day Back In Manila, Philippines ğŸ‡µğŸ‡­
Jollibee OPENS in Manhattan, New York City ! ğŸ˜± Trying Filipino Fast Food
My Parents Are In The Philippines ğŸ‡µğŸ‡­!!First Impression of BGC Manila & Filipino food
FIRST TIME WALKING OUTSIDE IN LOCKDOWN CEBU CITY PHILIPPINES - (After 2 Months!)
Foreigners Trying FILIPINO Snacks - Q&A: How we bought land in the Philippines!? (Vlog 22 - Siargao)
EPI43 - FIRST TIME REACTIONS TO PICHI PICHI. FOREIGNERS REACTION TO FILIPINO FOOD.
What Boracay is ACTUALLY LIKE AT NIGHT (I did not expect this) ğŸ‡µğŸ‡­
Mexican Guy Tries JOLLIBEE For The First Time â€¢ FILIPINO MUKBANG w/ @JayGrubz
Foreigners eating REAL Filipino Food! | Food tour of Marikina Manila
$1 Halo-Halo In Rural Siargao Philippines ğŸ‡µğŸ‡­
First impressions of MUNNAR, Kerala ğŸ‡®ğŸ‡³ PARADISE on Earth INDIA
Returning to the Philippines  - Is this the BEST island in the Philippines? ğŸ‡µğŸ‡­
Trying Sweet Snacks from the Philippines! We Love Them
Anime Memes Japanese Reaction
Foreigners Visit Guimaras, The Famous Mango Island! ğŸ‡µğŸ‡­
Trying Your Favorite Summer Dishes | Philippines, Australia, Spain
I Tried The Philippines Most POPULAR Snacksâ€¦ and they SHOCKED Me! ğŸ‡µğŸ‡­
Night Out In Cebu City, Philippines - Mango Square | Ep. 5 | HD
Communication Breakdown (American Tries Learning Filipino Language)
They Dint Fell SAFE in Philippines | REACTION VIDEO
We Tried FILIPINO SNACKS for the FIRST TIME! (HUGE MUKBANG)
Lechon Heaven in the Philippines ğŸ· Cebu's Street Food ğŸ‡µğŸ‡­
Best Street Food in the Philippines - Manila's Famous Ugbo Street ğŸ‡µğŸ‡­
I got SICK in the PHILIPPINES | Foreigner and Filipina living in the Province | House Build Update!
Brits React To FILIPINO Snacks On The Bus To MANILA ğŸ‡µğŸ‡­
We ate EVERY ğŸ‡µğŸ‡­ Filipino street food in Cebu City, Philippines (even balut!)
The myth of the rich foreigner from Australia
SWEDISH Family Trying BOODLE FIGHT! (Vlog 48 - Island hopping Siargao)
How to Travel Philippines (Full Documentary) ğŸ‡µğŸ‡­
BICOL EXPRESS | Korean Cook & React Filipino Food
We are in MANILA ğŸ‡µğŸ‡­ FIRST DAY IN PHILIPPINES (SHOCKING First Impressions of this city)
ENGLISH GIRLS TRY JOLLIBEE FOR THE FIRST TIME ğŸ‡µğŸ‡­Do we like it??ğŸ˜±
Foreign Chef TRIES FILIPINO FOOD ğŸ‡µğŸ‡­ and Shares HOW THE PHILIPPINES CHANGED HER FOR THE BETTER!
Cost Of Living In The Philippines After Ten Months Living Here!
Foreigners Try Filipino Food in Dubai (Filipino Food Reaction)  - Mukbang!!
I Was Told To Leave This Slum In Philippines (Tondo) ğŸ‡µğŸ‡­
ğŸ‡µğŸ‡­ Tiaong, Quezon day tour from Manila, Philippines (Villa Escudero)
First Time Trying Halo Halo In The Philippines ğŸ‡µğŸ‡­
í•œêµ­ì¸ ë¶€ë¶€ê°€ í•„ë¦¬í•€ ì •ê¸€ì—ì„œ ì½”ì½”ë„›ì„ ë¨¹ëŠ”ë‹¤ë©´?(Coconut, jungle, coconut drink, rural village in the Philippines)
First Time Trying JOLLIBEE â€¢ Filipino Spicy Fried Chicken â€¢ Sweet Spaghetti â€¢ Palabok â€¢ Adobo Rice
Mobile Stores & Pop-Up Shops with Cebu Philippines Classic Riders | John Smulo
Foreigner Explores ''FRIENDLY'' Neighbourhood In The Philippines
HUNGARIAN FRIENDS IMPRESSED BY PHILIPPINES MOST BEAUTIFUL VIEW! + First Time Trying Moma LAPTRIP
5 Reasons WHY JAPANESE shouldn't Come to The PHILIPPINES - Foreigners Reaction
First Impression of Bohol Philippines ğŸ‡µğŸ‡­ Cebu to Bohol
WE ARE IN MANILA!... First Impressions... ğŸ‡µğŸ‡­ | Philippines Travel | Foreigner and Filipina VLOG
5 Reasons Why Japanese shouldn't Come to The Philippines Reaction ğŸ‡®ğŸ‡³
FOREIGNER WEEKLY BUDGET IN THE PHILIPPINES ? COST OF LIVING IN THE PHILIPPINES
She Tries Jollibee :) (SARAP) | Filipino x American Couple ğŸ‡µğŸ‡­ğŸ‡ºğŸ‡¸
First Impressions of BGC | IS THIS EVEN THE PHILIPPINES?! ğŸ‡µğŸ‡­
Trying The Tasty Filipino Chocolate And Fish Meal Champorado With Tuyo
BUSINESS CLASS FOR 24 hours on a ferry in the Philippines
WE LEFT!.. OUR FIRST TIME TRAVELING THE PHILIPPINES THIS YEAR ğŸ‡µğŸ‡­ Foreigner and Filipina Family VLOG
British Foreigner LOVES the PHILIPPINES Province life! ğŸ‡µğŸ‡­ - Simple Living VLOG
First Time Trying Jollibee in the Philippines!ï½œMango Pie..? Gravy SauceğŸ˜²
Sugbo Mercado Cebu Cityâœ¨ Must Try Food Market in the Philippines ğŸ‡µğŸ‡­
Korean Idols Listen to OPM Love Songs ""Pasilyo"", ""Mahika"" and ""Give Me Your Forever"" (ft. Pixy)
Australian REACTS to JOLLIBEE for the FIRST TIME in The Philippines! ğŸ‡µğŸ‡­
We Camp On Remote Island Of Philippines (Shockingly Amazing Trip)ğŸ‡µğŸ‡­
Visiting Palawan, Philippines with my parents - Island hopping and luxury Air Bnb tour
FOREIGNER Speaks with Filipinos in TAGALOG | Tanauan Batangas Philippines
ACCENT CHALLENGE || FILIPINOğŸ‡µğŸ‡­ Vs NIGERIAN ğŸ‡³ğŸ‡¬ || Foreigner Living in the Philippines
FOREIGNER reacts to FIRST time eating JOLLIBEE after years in the PHILIPPINES!
Foreigner At The Wet Market Philippines
DOC Hazem's First BOODLE FIGHT in the PHILIPPINES! (Unli Kamayan) ğŸ˜ğŸ‡µğŸ‡­
Jollibee OMG! Hong Kong Russian Couple Trying Jollibee for the First Time. The Best Fast Food Chain
Korean Guys REACT to FILIPINO Fruits | Try Durian also??? (ENG SUB) Mukbang
COST OF LIVING IN THE PHILIPPINES.  AN HONEST DISCUSSION.
Foreigner Reacts to Easy Peasy History of the Philippines
Trying Snacks from the Philippines- So GOOD!
Flying to BORACAY, Philippines: Is this paradise? ğŸ‡µğŸ‡­
JOLLIBEE. My first time Real Experience
Real Filipino Street Food At Roxas Night Market In Davao ğŸ‡µğŸ‡­
ì™¸êµ­ì¸ì´ ì²˜ìŒ ë°©ë¬¸í•œ í•„ë¦¬í•€ ì‹œê³¨ë§ˆì„, ì½”ë¡œë‚˜ 3ê°œì›”ë§Œì— ì•„ì´ë¥¼ ë§Œë‚œ ê°€ì •ë¶€(foreigner live in Philippines, rural Philippines village)
A FOREIGNERS CHRISTMAS JOURNEY IN THE PHILIPPINES... (Finn Snow, Tangub City Mindanao)
Japanese React to 5 Reasons Why Japanese Shouldnâ€™t Come to The Philippines! (123Japan)
STORM IS GONE - Leaving Philippines Beach Home (Cateel to Davao)
Americans React to Top 20 Desserts in the Philippines
V372 - Pt 91 FOREIGNER BUILDING A CHEAP HOUSE IN THE PHILIPPINES - Retiring in South East Asia vlog
TRYING JOLLIBEE  FOR THE FIRST TIME ğŸ‡µğŸ‡­ JOLLIBEE MUKBANG ğŸ˜³
Trying Filipino Restaurant in Korea ! (with Koreans from the Philippines)
Foreigners try Jollibee for the FIRST TIME! ğŸ‡µğŸ‡­Mukbang Philippines Travel Vlog Ep 26
FIRST TIME In BGC Manila Philippines 2023 ğŸ‡µğŸ‡­ (NOT what YOU expect)
Foreigners on How Philippines Changed their Life  Perspective  (Street Interview) ğŸ‡µğŸ‡­
Foreigners Try Filipino Food!ğŸ‡µğŸ‡­ PINOY BREAKFAST!ğŸ³ Kamayan Boodle Fight! Philippines Street FoodğŸ¤¤
MY PARENTS' FIRST REACTION TO PHILIPPINES PROVINCE LIFE! Honest Opinion of the Public Market
Filipino Products that Koreans Love
Finding the BEST restaurants on Siargao Island, Philippines ğŸ‡µğŸ‡­
Our Baby Trying Philippines Mango for the First Time! (Hilarious Reaction!)
V405 - FOREIGNER BUILDING A CHEAP HOUSE IN THE PHILIPPINES - SOLAR STREET LIGHT INSTALLATION
HUNGARIAN FRIENDS FIRST TIME IN MANILA & INTRAMUROS + Filipino Street Food Tour!
[ALL ABOUT PINAY #6] KOREAN HUSBANDâ€™S REACTION TO FILIPINA PREGNANCY CRAVINGS
MOVING to the Philippines ğŸ˜ğŸ‡µğŸ‡­ğŸŒ´ | Finally living in Manila â¤ï¸
Grocery Shopping for FILIPINO Food With My Husband (Seafood City)
My FIRST TIME trying JOLLIBEE ğŸ‡µğŸ‡­ Philippines
Foreigners FIRST TIME in La Union - Philippines SURFING Capital
CORON PALAWAN ( Free diving & Island hopping) Philippines travel vlog
WE REALLY ARE LIVING OUR DREAMS... IN THE PHILIPPINES! | Foreigner & Filipina | Cost of Living
First Time Trying Filipino Street Food in Pampanga! (Kwek kwek, Calamares..)
MY FIRST TIME in the Philippines [AMAZING] ğŸ‡µğŸ‡­ Manila
V426 - FOREIGNER BUILDING A CHEAP HOUSE IN THE PHILIPPINES - BELLA LOVES COCOMELON - CARPORT UPDATE
JOLLIBEE MUKBANG!!! Korean tries Jollibee ğŸ˜ğŸ— (Philippines) | Kellybells
FOREIGNER reacts to WHAT Should You Buy at a FILIPINO GROCERY Store
LIVED  IN THE PHILIPPINES ğŸ‡µğŸ‡­ FOR THE LAST 50 YEARS #philippines #filipino #viral #viral #students
Trying Filipino Food for the First Time! ğŸ‡µğŸ‡­
Foreigners FIRST TIME eating LECHON in The Philippines (CEBU) - Sol&LunaTV ğŸ‡©ğŸ‡´
Is this the best Filipino restaurant in Manila? ğŸ‡µğŸ‡­
NEIGHBOURHOOD WALK ABOUT HERE IN THE PHILIPPINES...ğŸ¤”
ğŸ‡µğŸ‡­ vs ğŸ‡ºğŸ‡¸ American Couple Reacts ""12 Ways The Philippines Is Better Than America""
FOREIGNER LIFE IN MANILA PHILIPPINES | TAKING WELJHED TO THE MALL AFTER 2 YEARS HIS REACTION
First Time Trying Filipino Breakfast In Davao ğŸ‡µğŸ‡­
Our First Time Trying Filipino Breakfast Foods! ğŸ‡µğŸ‡­
Foreigners life in rural Philippines jungle ğŸ‡µğŸ‡­
Must Try Filipino Food In Centre Of Paris!
A Day In The Life Of A Foreigner Living In The Philippines Province!ğŸ‡µğŸ‡­ Camping In The Philippines
LDR FIRST MEETING | Filipino-American Couple ğŸ‡µğŸ‡­ğŸ‡ºğŸ‡²
5 Reasons Why Japanese shouldn't Come to The Philippines | Spanish REACTION | WHY??.....ğŸ¤”
The BEST $220 Boat Tour in El Nido, Philippines (with my dad!) ğŸ‡µğŸ‡­
Our SHOCKING first impressions of CORON Philippines ğŸ‡µğŸ‡­ We got STRANDED!
WHAT HAS BEEN GOING ON LATELY | Flying From The Philippines To Vietnam
Introducing Trendy Filipino Food to KPOP Star Eric Nam! ğŸ‡µğŸ‡­ğŸ˜‹
First Time in BORACAY 2022! INSANE Philippines Island PARADISE!
Trying FILIPINO Food in CEBU City: The PHILIPPINES Oldest Street
Foreigner takes PARENTS to THE PHILIPPINES! Amazing FIRST DAY!
Korean REACT try first time filipino boodle fight
TOURISTS VISIT OSLOB FOR THE FIRST TIME | Philippines 2022
What Do Filipino People Order at Filipino Restaurants? ğŸ‡µğŸ‡­
We are in Manila - What is the Philippines REALLY like now? ğŸ‡µğŸ‡­
PHILIPPINES STREET FOOD Tour - INSANELY DELICIOUS | FIRST TIME Trying JOLLIBEE!
Why a British woman fell in love with the Filipino man | Please watch ğŸ‡µğŸ‡­
Foreigner Filipina Living Life Philippines Scenic Backroad Drive 21Jan23. @LeRocphilippines5539
First Impressions in the Oldest City of the Philippines ğŸ‡µğŸ‡­ Amazing Cebu!
Foreigners Find SECRET LOCAL Cold Springs In BOHOL Philippines, No Tourists!
PHILIPPINES PROVINCE LIFE IS SO DIFFERENT FROM LIFE IN THE UK ğŸ‡µğŸ‡­ Foreigner and Filipina VLOG",278
